game,opponent,layer,grad_norm,input_sensitivity
prisoners-dilemma,0.1,payoff_matrix_embed.0.weight,6.501513212242571e-07,2.19272635604284e-08
prisoners-dilemma,0.1,payoff_matrix_embed.0.bias,1.0989563747898501e-07,2.19272635604284e-08
prisoners-dilemma,0.1,payoff_matrix_embed.2.weight,1.1725677495633136e-07,2.19272635604284e-08
prisoners-dilemma,0.1,payoff_matrix_embed.2.bias,1.1772712582569511e-07,2.19272635604284e-08
prisoners-dilemma,0.1,round_number_embed.0.weight,1.2509161706475425e-07,2.19272635604284e-08
prisoners-dilemma,0.1,round_number_embed.0.bias,4.2670211541917524e-07,2.19272635604284e-08
prisoners-dilemma,0.1,round_number_embed.2.weight,1.0175718045957183e-07,2.19272635604284e-08
prisoners-dilemma,0.1,round_number_embed.2.bias,8.847219845620202e-08,2.19272635604284e-08
prisoners-dilemma,0.1,opponent_action_embed.0.weight,4.86672604438354e-07,2.19272635604284e-08
prisoners-dilemma,0.1,opponent_action_embed.0.bias,7.974571417435072e-06,2.19272635604284e-08
prisoners-dilemma,0.1,opponent_action_embed.2.weight,4.73589096827709e-07,2.19272635604284e-08
prisoners-dilemma,0.1,opponent_action_embed.2.bias,5.728215910494328e-07,2.19272635604284e-08
prisoners-dilemma,0.1,agent_action_embed.0.weight,2.944557664363856e-08,2.19272635604284e-08
prisoners-dilemma,0.1,agent_action_embed.0.bias,3.7938566492812242e-06,2.19272635604284e-08
prisoners-dilemma,0.1,agent_action_embed.2.weight,9.571068915192882e-08,2.19272635604284e-08
prisoners-dilemma,0.1,agent_action_embed.2.bias,1.253484640528768e-07,2.19272635604284e-08
prisoners-dilemma,0.1,agent_reward_embed.0.weight,0.0,2.19272635604284e-08
prisoners-dilemma,0.1,agent_reward_embed.0.bias,2.6235597943014e-06,2.19272635604284e-08
prisoners-dilemma,0.1,agent_reward_embed.2.weight,1.8750851893400977e-07,2.19272635604284e-08
prisoners-dilemma,0.1,agent_reward_embed.2.bias,8.812357066290133e-08,2.19272635604284e-08
prisoners-dilemma,0.1,opponent_reward_embed.0.weight,0.0,2.19272635604284e-08
prisoners-dilemma,0.1,opponent_reward_embed.0.bias,2.035133547906298e-06,2.19272635604284e-08
prisoners-dilemma,0.1,opponent_reward_embed.2.weight,3.832783761481551e-07,2.19272635604284e-08
prisoners-dilemma,0.1,opponent_reward_embed.2.bias,4.4347262928567943e-07,2.19272635604284e-08
prisoners-dilemma,0.1,lstm.weight_ih_l0,4.1234329728467856e-06,2.19272635604284e-08
prisoners-dilemma,0.1,lstm.weight_hh_l0,3.306340431663557e-06,2.19272635604284e-08
prisoners-dilemma,0.1,lstm.bias_ih_l0,3.6059211083738774e-07,2.19272635604284e-08
prisoners-dilemma,0.1,lstm.bias_hh_l0,3.6059211083738774e-07,2.19272635604284e-08
prisoners-dilemma,0.1,lstm.weight_ih_l1,1.9582130335038528e-06,2.19272635604284e-08
prisoners-dilemma,0.1,lstm.weight_hh_l1,1.8663516812011949e-06,2.19272635604284e-08
prisoners-dilemma,0.1,lstm.bias_ih_l1,2.0809476097838342e-07,2.19272635604284e-08
prisoners-dilemma,0.1,lstm.bias_hh_l1,2.0809476097838342e-07,2.19272635604284e-08
prisoners-dilemma,0.1,policy_head.0.weight,7.686133358220104e-06,2.19272635604284e-08
prisoners-dilemma,0.1,policy_head.0.bias,8.499143291373912e-07,2.19272635604284e-08
prisoners-dilemma,0.1,policy_head.3.weight,2.8212552933837287e-05,2.19272635604284e-08
prisoners-dilemma,0.1,policy_head.3.bias,1.298960000895022e-06,2.19272635604284e-08
prisoners-dilemma,0.3,payoff_matrix_embed.0.weight,3.2134555567608913e-06,1.310039010604669e-07
prisoners-dilemma,0.3,payoff_matrix_embed.0.bias,5.431732006400125e-07,1.310039010604669e-07
prisoners-dilemma,0.3,payoff_matrix_embed.2.weight,5.467656478685967e-07,1.310039010604669e-07
prisoners-dilemma,0.3,payoff_matrix_embed.2.bias,6.601390509786143e-07,1.310039010604669e-07
prisoners-dilemma,0.3,round_number_embed.0.weight,1.65484721037501e-06,1.310039010604669e-07
prisoners-dilemma,0.3,round_number_embed.0.bias,3.4153099477407522e-06,1.310039010604669e-07
prisoners-dilemma,0.3,round_number_embed.2.weight,5.339567223927588e-07,1.310039010604669e-07
prisoners-dilemma,0.3,round_number_embed.2.bias,6.665222258561698e-07,1.310039010604669e-07
prisoners-dilemma,0.3,opponent_action_embed.0.weight,1.8320710069019697e-06,1.310039010604669e-07
prisoners-dilemma,0.3,opponent_action_embed.0.bias,3.6192786865285598e-06,1.310039010604669e-07
prisoners-dilemma,0.3,opponent_action_embed.2.weight,1.6501093114129617e-06,1.310039010604669e-07
prisoners-dilemma,0.3,opponent_action_embed.2.bias,1.7079240706152632e-06,1.310039010604669e-07
prisoners-dilemma,0.3,agent_action_embed.0.weight,7.509333432853538e-11,1.310039010604669e-07
prisoners-dilemma,0.3,agent_action_embed.0.bias,5.4344345699064434e-05,1.310039010604669e-07
prisoners-dilemma,0.3,agent_action_embed.2.weight,9.975162811315386e-07,1.310039010604669e-07
prisoners-dilemma,0.3,agent_action_embed.2.bias,8.479283906126511e-07,1.310039010604669e-07
prisoners-dilemma,0.3,agent_reward_embed.0.weight,0.0,1.310039010604669e-07
prisoners-dilemma,0.3,agent_reward_embed.0.bias,1.5088803593243938e-05,1.310039010604669e-07
prisoners-dilemma,0.3,agent_reward_embed.2.weight,5.820596129524347e-07,1.310039010604669e-07
prisoners-dilemma,0.3,agent_reward_embed.2.bias,5.386217480918276e-07,1.310039010604669e-07
prisoners-dilemma,0.3,opponent_reward_embed.0.weight,0.0,1.310039010604669e-07
prisoners-dilemma,0.3,opponent_reward_embed.0.bias,1.9288190742372535e-05,1.310039010604669e-07
prisoners-dilemma,0.3,opponent_reward_embed.2.weight,1.2029257732137921e-06,1.310039010604669e-07
prisoners-dilemma,0.3,opponent_reward_embed.2.bias,1.0194280548603274e-06,1.310039010604669e-07
prisoners-dilemma,0.3,lstm.weight_ih_l0,1.6683632566127926e-05,1.310039010604669e-07
prisoners-dilemma,0.3,lstm.weight_hh_l0,1.4356447536556516e-05,1.310039010604669e-07
prisoners-dilemma,0.3,lstm.bias_ih_l0,1.4446262639467022e-06,1.310039010604669e-07
prisoners-dilemma,0.3,lstm.bias_hh_l0,1.4446262639467022e-06,1.310039010604669e-07
prisoners-dilemma,0.3,lstm.weight_ih_l1,4.7128658479778096e-05,1.310039010604669e-07
prisoners-dilemma,0.3,lstm.weight_hh_l1,4.2431653128005564e-05,1.310039010604669e-07
prisoners-dilemma,0.3,lstm.bias_ih_l1,4.63783590021194e-06,1.310039010604669e-07
prisoners-dilemma,0.3,lstm.bias_hh_l1,4.63783590021194e-06,1.310039010604669e-07
prisoners-dilemma,0.3,policy_head.0.weight,0.00022985137184150517,1.310039010604669e-07
prisoners-dilemma,0.3,policy_head.0.bias,2.568363561294973e-05,1.310039010604669e-07
prisoners-dilemma,0.3,policy_head.3.weight,0.0007723618182353675,1.310039010604669e-07
prisoners-dilemma,0.3,policy_head.3.bias,4.285666364012286e-05,1.310039010604669e-07
prisoners-dilemma,0.5,payoff_matrix_embed.0.weight,2.305769157828763e-05,6.158826977298304e-07
prisoners-dilemma,0.5,payoff_matrix_embed.0.bias,3.8974612834863365e-06,6.158826977298304e-07
prisoners-dilemma,0.5,payoff_matrix_embed.2.weight,3.6136721064394806e-06,6.158826977298304e-07
prisoners-dilemma,0.5,payoff_matrix_embed.2.bias,4.2059805309691e-06,6.158826977298304e-07
prisoners-dilemma,0.5,round_number_embed.0.weight,1.4382685549207963e-05,6.158826977298304e-07
prisoners-dilemma,0.5,round_number_embed.0.bias,3.0182345653884113e-05,6.158826977298304e-07
prisoners-dilemma,0.5,round_number_embed.2.weight,4.747935236082412e-06,6.158826977298304e-07
prisoners-dilemma,0.5,round_number_embed.2.bias,5.890856755286222e-06,6.158826977298304e-07
prisoners-dilemma,0.5,opponent_action_embed.0.weight,2.1612719137920067e-05,6.158826977298304e-07
prisoners-dilemma,0.5,opponent_action_embed.0.bias,8.667232032166794e-05,6.158826977298304e-07
prisoners-dilemma,0.5,opponent_action_embed.2.weight,1.358030567644164e-05,6.158826977298304e-07
prisoners-dilemma,0.5,opponent_action_embed.2.bias,1.8253786038258113e-05,6.158826977298304e-07
prisoners-dilemma,0.5,agent_action_embed.0.weight,1.4036536689909784e-12,6.158826977298304e-07
prisoners-dilemma,0.5,agent_action_embed.0.bias,0.0002367058041272685,6.158826977298304e-07
prisoners-dilemma,0.5,agent_action_embed.2.weight,6.935334567970131e-06,6.158826977298304e-07
prisoners-dilemma,0.5,agent_action_embed.2.bias,7.631398148078006e-06,6.158826977298304e-07
prisoners-dilemma,0.5,agent_reward_embed.0.weight,0.0,6.158826977298304e-07
prisoners-dilemma,0.5,agent_reward_embed.0.bias,0.00013384086196310818,6.158826977298304e-07
prisoners-dilemma,0.5,agent_reward_embed.2.weight,7.558554898423608e-06,6.158826977298304e-07
prisoners-dilemma,0.5,agent_reward_embed.2.bias,5.237559435045114e-06,6.158826977298304e-07
prisoners-dilemma,0.5,opponent_reward_embed.0.weight,0.0,6.158826977298304e-07
prisoners-dilemma,0.5,opponent_reward_embed.0.bias,7.370582170551643e-05,6.158826977298304e-07
prisoners-dilemma,0.5,opponent_reward_embed.2.weight,1.5769859601277858e-05,6.158826977298304e-07
prisoners-dilemma,0.5,opponent_reward_embed.2.bias,1.3304507774591912e-05,6.158826977298304e-07
prisoners-dilemma,0.5,lstm.weight_ih_l0,0.00016291126667056233,6.158826977298304e-07
prisoners-dilemma,0.5,lstm.weight_hh_l0,0.0001387465454172343,6.158826977298304e-07
prisoners-dilemma,0.5,lstm.bias_ih_l0,1.4196632037055679e-05,6.158826977298304e-07
prisoners-dilemma,0.5,lstm.bias_hh_l0,1.4196632037055679e-05,6.158826977298304e-07
prisoners-dilemma,0.5,lstm.weight_ih_l1,0.0003629096900112927,6.158826977298304e-07
prisoners-dilemma,0.5,lstm.weight_hh_l1,0.0002950947673525661,6.158826977298304e-07
prisoners-dilemma,0.5,lstm.bias_ih_l1,3.446798655204475e-05,6.158826977298304e-07
prisoners-dilemma,0.5,lstm.bias_hh_l1,3.446798655204475e-05,6.158826977298304e-07
prisoners-dilemma,0.5,policy_head.0.weight,0.0018528563668951392,6.158826977298304e-07
prisoners-dilemma,0.5,policy_head.0.bias,0.00021705719700548798,6.158826977298304e-07
prisoners-dilemma,0.5,policy_head.3.weight,0.0061180125921964645,6.158826977298304e-07
prisoners-dilemma,0.5,policy_head.3.bias,0.00037848143256269395,6.158826977298304e-07
prisoners-dilemma,0.7,payoff_matrix_embed.0.weight,1.3406208381638862e-05,2.5918225787791016e-07
prisoners-dilemma,0.7,payoff_matrix_embed.0.bias,2.2660628928861115e-06,2.5918225787791016e-07
prisoners-dilemma,0.7,payoff_matrix_embed.2.weight,2.64680329564726e-06,2.5918225787791016e-07
prisoners-dilemma,0.7,payoff_matrix_embed.2.bias,2.700831601032405e-06,2.5918225787791016e-07
prisoners-dilemma,0.7,round_number_embed.0.weight,1.0419129466754384e-05,2.5918225787791016e-07
prisoners-dilemma,0.7,round_number_embed.0.bias,3.0716288165422156e-05,2.5918225787791016e-07
prisoners-dilemma,0.7,round_number_embed.2.weight,2.879968178604031e-06,2.5918225787791016e-07
prisoners-dilemma,0.7,round_number_embed.2.bias,3.674283107102383e-06,2.5918225787791016e-07
prisoners-dilemma,0.7,opponent_action_embed.0.weight,7.16396380084916e-06,2.5918225787791016e-07
prisoners-dilemma,0.7,opponent_action_embed.0.bias,7.277414624695666e-06,2.5918225787791016e-07
prisoners-dilemma,0.7,opponent_action_embed.2.weight,4.142897068959428e-06,2.5918225787791016e-07
prisoners-dilemma,0.7,opponent_action_embed.2.bias,6.755175036232686e-06,2.5918225787791016e-07
prisoners-dilemma,0.7,agent_action_embed.0.weight,5.8782354983577534e-08,2.5918225787791016e-07
prisoners-dilemma,0.7,agent_action_embed.0.bias,0.0002986676408909261,2.5918225787791016e-07
prisoners-dilemma,0.7,agent_action_embed.2.weight,2.5279853161919164e-06,2.5918225787791016e-07
prisoners-dilemma,0.7,agent_action_embed.2.bias,2.5702677248773398e-06,2.5918225787791016e-07
prisoners-dilemma,0.7,agent_reward_embed.0.weight,0.0,2.5918225787791016e-07
prisoners-dilemma,0.7,agent_reward_embed.0.bias,0.00011081101547461003,2.5918225787791016e-07
prisoners-dilemma,0.7,agent_reward_embed.2.weight,4.001867182523711e-06,2.5918225787791016e-07
prisoners-dilemma,0.7,agent_reward_embed.2.bias,3.2692330478312215e-06,2.5918225787791016e-07
prisoners-dilemma,0.7,opponent_reward_embed.0.weight,0.0,2.5918225787791016e-07
prisoners-dilemma,0.7,opponent_reward_embed.0.bias,9.260413935407996e-05,2.5918225787791016e-07
prisoners-dilemma,0.7,opponent_reward_embed.2.weight,9.499318366579246e-06,2.5918225787791016e-07
prisoners-dilemma,0.7,opponent_reward_embed.2.bias,6.196998128871201e-06,2.5918225787791016e-07
prisoners-dilemma,0.7,lstm.weight_ih_l0,0.00011349676788086072,2.5918225787791016e-07
prisoners-dilemma,0.7,lstm.weight_hh_l0,8.63393215695396e-05,2.5918225787791016e-07
prisoners-dilemma,0.7,lstm.bias_ih_l0,1.0044200280390214e-05,2.5918225787791016e-07
prisoners-dilemma,0.7,lstm.bias_hh_l0,1.0044200280390214e-05,2.5918225787791016e-07
prisoners-dilemma,0.7,lstm.weight_ih_l1,0.0002556848630774766,2.5918225787791016e-07
prisoners-dilemma,0.7,lstm.weight_hh_l1,0.0002108689077431336,2.5918225787791016e-07
prisoners-dilemma,0.7,lstm.bias_ih_l1,2.860404856619425e-05,2.5918225787791016e-07
prisoners-dilemma,0.7,lstm.bias_hh_l1,2.860404856619425e-05,2.5918225787791016e-07
prisoners-dilemma,0.7,policy_head.0.weight,0.0008171561639755964,2.5918225787791016e-07
prisoners-dilemma,0.7,policy_head.0.bias,0.00010830169776454568,2.5918225787791016e-07
prisoners-dilemma,0.7,policy_head.3.weight,0.0023887099232524633,2.5918225787791016e-07
prisoners-dilemma,0.7,policy_head.3.bias,0.00016282964497804642,2.5918225787791016e-07
prisoners-dilemma,0.9,payoff_matrix_embed.0.weight,1.7105514871218475e-06,1.0412593809405735e-07
prisoners-dilemma,0.9,payoff_matrix_embed.0.bias,2.8913598271174124e-07,1.0412593809405735e-07
prisoners-dilemma,0.9,payoff_matrix_embed.2.weight,3.155603565119236e-07,1.0412593809405735e-07
prisoners-dilemma,0.9,payoff_matrix_embed.2.bias,3.3559012990735937e-07,1.0412593809405735e-07
prisoners-dilemma,0.9,round_number_embed.0.weight,9.83977429314109e-07,1.0412593809405735e-07
prisoners-dilemma,0.9,round_number_embed.0.bias,2.0218676581862383e-06,1.0412593809405735e-07
prisoners-dilemma,0.9,round_number_embed.2.weight,3.506407324493921e-07,1.0412593809405735e-07
prisoners-dilemma,0.9,round_number_embed.2.bias,3.5372733009353396e-07,1.0412593809405735e-07
prisoners-dilemma,0.9,opponent_action_embed.0.weight,1.1391583711883868e-06,1.0412593809405735e-07
prisoners-dilemma,0.9,opponent_action_embed.0.bias,1.3624376151710749e-06,1.0412593809405735e-07
prisoners-dilemma,0.9,opponent_action_embed.2.weight,7.843312914701528e-07,1.0412593809405735e-07
prisoners-dilemma,0.9,opponent_action_embed.2.bias,8.190228300009039e-07,1.0412593809405735e-07
prisoners-dilemma,0.9,agent_action_embed.0.weight,5.062689711898827e-10,1.0412593809405735e-07
prisoners-dilemma,0.9,agent_action_embed.0.bias,5.211183815845288e-05,1.0412593809405735e-07
prisoners-dilemma,0.9,agent_action_embed.2.weight,5.162121397006558e-07,1.0412593809405735e-07
prisoners-dilemma,0.9,agent_action_embed.2.bias,7.0791162443129e-07,1.0412593809405735e-07
prisoners-dilemma,0.9,agent_reward_embed.0.weight,0.0,1.0412593809405735e-07
prisoners-dilemma,0.9,agent_reward_embed.0.bias,2.5649027520557866e-05,1.0412593809405735e-07
prisoners-dilemma,0.9,agent_reward_embed.2.weight,7.416547873617674e-07,1.0412593809405735e-07
prisoners-dilemma,0.9,agent_reward_embed.2.bias,5.20438391049538e-07,1.0412593809405735e-07
prisoners-dilemma,0.9,opponent_reward_embed.0.weight,0.0,1.0412593809405735e-07
prisoners-dilemma,0.9,opponent_reward_embed.0.bias,9.132417289947625e-06,1.0412593809405735e-07
prisoners-dilemma,0.9,opponent_reward_embed.2.weight,2.4866938019840745e-06,1.0412593809405735e-07
prisoners-dilemma,0.9,opponent_reward_embed.2.bias,8.064315011324652e-07,1.0412593809405735e-07
prisoners-dilemma,0.9,lstm.weight_ih_l0,1.3697579561267048e-05,1.0412593809405735e-07
prisoners-dilemma,0.9,lstm.weight_hh_l0,1.0564080184849445e-05,1.0412593809405735e-07
prisoners-dilemma,0.9,lstm.bias_ih_l0,1.186327949653787e-06,1.0412593809405735e-07
prisoners-dilemma,0.9,lstm.bias_hh_l0,1.186327949653787e-06,1.0412593809405735e-07
prisoners-dilemma,0.9,lstm.weight_ih_l1,0.00011975425150012597,1.0412593809405735e-07
prisoners-dilemma,0.9,lstm.weight_hh_l1,0.00010302195732947439,1.0412593809405735e-07
prisoners-dilemma,0.9,lstm.bias_ih_l1,1.2638489351957105e-05,1.0412593809405735e-07
prisoners-dilemma,0.9,lstm.bias_hh_l1,1.2638489351957105e-05,1.0412593809405735e-07
prisoners-dilemma,0.9,policy_head.0.weight,0.0004625824512913823,1.0412593809405735e-07
prisoners-dilemma,0.9,policy_head.0.bias,5.679878449882381e-05,1.0412593809405735e-07
prisoners-dilemma,0.9,policy_head.3.weight,0.001393588725477457,1.0412593809405735e-07
prisoners-dilemma,0.9,policy_head.3.bias,8.844628609949723e-05,1.0412593809405735e-07
hawk-dove,0.1,payoff_matrix_embed.0.weight,1.5012651033430302e-07,8.111749494332798e-09
hawk-dove,0.1,payoff_matrix_embed.0.bias,2.1446643572176072e-08,8.111749494332798e-09
hawk-dove,0.1,payoff_matrix_embed.2.weight,2.2642350216983687e-08,8.111749494332798e-09
hawk-dove,0.1,payoff_matrix_embed.2.bias,2.4347180271888647e-08,8.111749494332798e-09
hawk-dove,0.1,round_number_embed.0.weight,9.428583069848173e-08,8.111749494332798e-09
hawk-dove,0.1,round_number_embed.0.bias,1.9327339373376162e-07,8.111749494332798e-09
hawk-dove,0.1,round_number_embed.2.weight,2.8926699258136068e-08,8.111749494332798e-09
hawk-dove,0.1,round_number_embed.2.bias,3.3086898554302024e-08,8.111749494332798e-09
hawk-dove,0.1,opponent_action_embed.0.weight,1.9292739281140392e-11,8.111749494332798e-09
hawk-dove,0.1,opponent_action_embed.0.bias,1.7132830407717847e-06,8.111749494332798e-09
hawk-dove,0.1,opponent_action_embed.2.weight,3.649659774396241e-08,8.111749494332798e-09
hawk-dove,0.1,opponent_action_embed.2.bias,5.820613324658552e-08,8.111749494332798e-09
hawk-dove,0.1,agent_action_embed.0.weight,1.4971051538769688e-14,8.111749494332798e-09
hawk-dove,0.1,agent_action_embed.0.bias,3.160526603096514e-06,8.111749494332798e-09
hawk-dove,0.1,agent_action_embed.2.weight,3.700787232219227e-08,8.111749494332798e-09
hawk-dove,0.1,agent_action_embed.2.bias,4.919536067404806e-08,8.111749494332798e-09
hawk-dove,0.1,agent_reward_embed.0.weight,0.0,8.111749494332798e-09
hawk-dove,0.1,agent_reward_embed.0.bias,1.0185152632402605e-06,8.111749494332798e-09
hawk-dove,0.1,agent_reward_embed.2.weight,6.360003368399703e-08,8.111749494332798e-09
hawk-dove,0.1,agent_reward_embed.2.bias,4.021737964876593e-08,8.111749494332798e-09
hawk-dove,0.1,opponent_reward_embed.0.weight,0.0,8.111749494332798e-09
hawk-dove,0.1,opponent_reward_embed.0.bias,6.265717615860922e-07,8.111749494332798e-09
hawk-dove,0.1,opponent_reward_embed.2.weight,5.295082416978403e-08,8.111749494332798e-09
hawk-dove,0.1,opponent_reward_embed.2.bias,5.1933650269120335e-08,8.111749494332798e-09
hawk-dove,0.1,lstm.weight_ih_l0,1.0933173371086014e-06,8.111749494332798e-09
hawk-dove,0.1,lstm.weight_hh_l0,8.6100072849149e-07,8.111749494332798e-09
hawk-dove,0.1,lstm.bias_ih_l0,9.567344250172027e-08,8.111749494332798e-09
hawk-dove,0.1,lstm.bias_hh_l0,9.567344250172027e-08,8.111749494332798e-09
hawk-dove,0.1,lstm.weight_ih_l1,3.790675464188098e-06,8.111749494332798e-09
hawk-dove,0.1,lstm.weight_hh_l1,4.038649876747513e-06,8.111749494332798e-09
hawk-dove,0.1,lstm.bias_ih_l1,3.97128673057523e-07,8.111749494332798e-09
hawk-dove,0.1,lstm.bias_hh_l1,3.97128673057523e-07,8.111749494332798e-09
hawk-dove,0.1,policy_head.0.weight,3.987220406997949e-05,8.111749494332798e-09
hawk-dove,0.1,policy_head.0.bias,3.884542365995003e-06,8.111749494332798e-09
hawk-dove,0.1,policy_head.3.weight,0.0001335757115157321,8.111749494332798e-09
hawk-dove,0.1,policy_head.3.bias,6.261641829041764e-06,8.111749494332798e-09
hawk-dove,0.3,payoff_matrix_embed.0.weight,4.542807346297195e-06,1.790213985941591e-07
hawk-dove,0.3,payoff_matrix_embed.0.bias,6.489724455605028e-07,1.790213985941591e-07
hawk-dove,0.3,payoff_matrix_embed.2.weight,8.979084782367863e-07,1.790213985941591e-07
hawk-dove,0.3,payoff_matrix_embed.2.bias,8.509782105647901e-07,1.790213985941591e-07
hawk-dove,0.3,round_number_embed.0.weight,1.5140248024181346e-06,1.790213985941591e-07
hawk-dove,0.3,round_number_embed.0.bias,5.552401034947252e-06,1.790213985941591e-07
hawk-dove,0.3,round_number_embed.2.weight,8.42996428218612e-07,1.790213985941591e-07
hawk-dove,0.3,round_number_embed.2.bias,9.19073784189095e-07,1.790213985941591e-07
hawk-dove,0.3,opponent_action_embed.0.weight,8.149823997882777e-07,1.790213985941591e-07
hawk-dove,0.3,opponent_action_embed.0.bias,1.7886495697894134e-05,1.790213985941591e-07
hawk-dove,0.3,opponent_action_embed.2.weight,5.94263156017405e-07,1.790213985941591e-07
hawk-dove,0.3,opponent_action_embed.2.bias,8.642398938718543e-07,1.790213985941591e-07
hawk-dove,0.3,agent_action_embed.0.weight,6.166574451071938e-08,1.790213985941591e-07
hawk-dove,0.3,agent_action_embed.0.bias,5.7947188906837255e-05,1.790213985941591e-07
hawk-dove,0.3,agent_action_embed.2.weight,6.518324084936467e-07,1.790213985941591e-07
hawk-dove,0.3,agent_action_embed.2.bias,9.602075579095981e-07,1.790213985941591e-07
hawk-dove,0.3,agent_reward_embed.0.weight,0.0,1.790213985941591e-07
hawk-dove,0.3,agent_reward_embed.0.bias,1.308511673414614e-05,1.790213985941591e-07
hawk-dove,0.3,agent_reward_embed.2.weight,6.079064860387007e-07,1.790213985941591e-07
hawk-dove,0.3,agent_reward_embed.2.bias,7.924203941911401e-07,1.790213985941591e-07
hawk-dove,0.3,opponent_reward_embed.0.weight,0.0,1.790213985941591e-07
hawk-dove,0.3,opponent_reward_embed.0.bias,3.5746863431995735e-05,1.790213985941591e-07
hawk-dove,0.3,opponent_reward_embed.2.weight,1.3528127738027251e-06,1.790213985941591e-07
hawk-dove,0.3,opponent_reward_embed.2.bias,1.284709128412942e-06,1.790213985941591e-07
hawk-dove,0.3,lstm.weight_ih_l0,4.2523442971287295e-05,1.790213985941591e-07
hawk-dove,0.3,lstm.weight_hh_l0,3.835710231214762e-05,1.790213985941591e-07
hawk-dove,0.3,lstm.bias_ih_l0,3.9126612136897165e-06,1.790213985941591e-07
hawk-dove,0.3,lstm.bias_hh_l0,3.9126612136897165e-06,1.790213985941591e-07
hawk-dove,0.3,lstm.weight_ih_l1,0.00012048738426528871,1.790213985941591e-07
hawk-dove,0.3,lstm.weight_hh_l1,0.00010094619210576639,1.790213985941591e-07
hawk-dove,0.3,lstm.bias_ih_l1,1.1854229342134204e-05,1.790213985941591e-07
hawk-dove,0.3,lstm.bias_hh_l1,1.1854229342134204e-05,1.790213985941591e-07
hawk-dove,0.3,policy_head.0.weight,0.00036424605059437454,1.790213985941591e-07
hawk-dove,0.3,policy_head.0.bias,4.306236587581225e-05,1.790213985941591e-07
hawk-dove,0.3,policy_head.3.weight,0.0010823336197063327,1.790213985941591e-07
hawk-dove,0.3,policy_head.3.bias,6.532577390316874e-05,1.790213985941591e-07
hawk-dove,0.5,payoff_matrix_embed.0.weight,4.769890438183211e-05,1.6491736687385128e-06
hawk-dove,0.5,payoff_matrix_embed.0.bias,6.814128937548958e-06,1.6491736687385128e-06
hawk-dove,0.5,payoff_matrix_embed.2.weight,8.719376637600362e-06,1.6491736687385128e-06
hawk-dove,0.5,payoff_matrix_embed.2.bias,8.631301170680672e-06,1.6491736687385128e-06
hawk-dove,0.5,round_number_embed.0.weight,1.8582835764391348e-05,1.6491736687385128e-06
hawk-dove,0.5,round_number_embed.0.bias,3.964992720284499e-05,1.6491736687385128e-06
hawk-dove,0.5,round_number_embed.2.weight,6.355714958772296e-06,1.6491736687385128e-06
hawk-dove,0.5,round_number_embed.2.bias,9.678064088802785e-06,1.6491736687385128e-06
hawk-dove,0.5,opponent_action_embed.0.weight,1.8674671082408167e-05,1.6491736687385128e-06
hawk-dove,0.5,opponent_action_embed.0.bias,2.5744375307112932e-05,1.6491736687385128e-06
hawk-dove,0.5,opponent_action_embed.2.weight,1.6324420357705094e-05,1.6491736687385128e-06
hawk-dove,0.5,opponent_action_embed.2.bias,1.8170503608416766e-05,1.6491736687385128e-06
hawk-dove,0.5,agent_action_embed.0.weight,4.895036598284719e-10,1.6491736687385128e-06
hawk-dove,0.5,agent_action_embed.0.bias,0.00020728835079353303,1.6491736687385128e-06
hawk-dove,0.5,agent_action_embed.2.weight,9.919522199197672e-06,1.6491736687385128e-06
hawk-dove,0.5,agent_action_embed.2.bias,1.7411730368621647e-05,1.6491736687385128e-06
hawk-dove,0.5,agent_reward_embed.0.weight,0.0,1.6491736687385128e-06
hawk-dove,0.5,agent_reward_embed.0.bias,0.0005342290387488902,1.6491736687385128e-06
hawk-dove,0.5,agent_reward_embed.2.weight,1.8008440747507848e-05,1.6491736687385128e-06
hawk-dove,0.5,agent_reward_embed.2.bias,1.5059506040415727e-05,1.6491736687385128e-06
hawk-dove,0.5,opponent_reward_embed.0.weight,0.0,1.6491736687385128e-06
hawk-dove,0.5,opponent_reward_embed.0.bias,0.0003188088012393564,1.6491736687385128e-06
hawk-dove,0.5,opponent_reward_embed.2.weight,1.3570044757216237e-05,1.6491736687385128e-06
hawk-dove,0.5,opponent_reward_embed.2.bias,1.7684895283309743e-05,1.6491736687385128e-06
hawk-dove,0.5,lstm.weight_ih_l0,0.0004120211524423212,1.6491736687385128e-06
hawk-dove,0.5,lstm.weight_hh_l0,0.00026009988505393267,1.6491736687385128e-06
hawk-dove,0.5,lstm.bias_ih_l0,3.615166133386083e-05,1.6491736687385128e-06
hawk-dove,0.5,lstm.bias_hh_l0,3.615166133386083e-05,1.6491736687385128e-06
hawk-dove,0.5,lstm.weight_ih_l1,0.001463149907067418,1.6491736687385128e-06
hawk-dove,0.5,lstm.weight_hh_l1,0.0012246208498254418,1.6491736687385128e-06
hawk-dove,0.5,lstm.bias_ih_l1,0.00019246284500695765,1.6491736687385128e-06
hawk-dove,0.5,lstm.bias_hh_l1,0.00019246284500695765,1.6491736687385128e-06
hawk-dove,0.5,policy_head.0.weight,0.002916549565270543,1.6491736687385128e-06
hawk-dove,0.5,policy_head.0.bias,0.0004650137561839074,1.6491736687385128e-06
hawk-dove,0.5,policy_head.3.weight,0.01001884788274765,1.6491736687385128e-06
hawk-dove,0.5,policy_head.3.bias,0.0007549601141363382,1.6491736687385128e-06
hawk-dove,0.7,payoff_matrix_embed.0.weight,1.4572149666491896e-05,3.7392612739495235e-07
hawk-dove,0.7,payoff_matrix_embed.0.bias,2.081735601677792e-06,3.7392612739495235e-07
hawk-dove,0.7,payoff_matrix_embed.2.weight,2.3786658402968897e-06,3.7392612739495235e-07
hawk-dove,0.7,payoff_matrix_embed.2.bias,2.6556579086900456e-06,3.7392612739495235e-07
hawk-dove,0.7,round_number_embed.0.weight,7.820162863936275e-06,3.7392612739495235e-07
hawk-dove,0.7,round_number_embed.0.bias,1.6609637896181084e-05,3.7392612739495235e-07
hawk-dove,0.7,round_number_embed.2.weight,1.3613008604806964e-06,3.7392612739495235e-07
hawk-dove,0.7,round_number_embed.2.bias,2.7725714062398765e-06,3.7392612739495235e-07
hawk-dove,0.7,opponent_action_embed.0.weight,7.79772449277516e-07,3.7392612739495235e-07
hawk-dove,0.7,opponent_action_embed.0.bias,7.325049227802083e-05,3.7392612739495235e-07
hawk-dove,0.7,opponent_action_embed.2.weight,5.057343514636159e-06,3.7392612739495235e-07
hawk-dove,0.7,opponent_action_embed.2.bias,3.3673156849545194e-06,3.7392612739495235e-07
hawk-dove,0.7,agent_action_embed.0.weight,1.1617909301264717e-08,3.7392612739495235e-07
hawk-dove,0.7,agent_action_embed.0.bias,3.2964533602353185e-05,3.7392612739495235e-07
hawk-dove,0.7,agent_action_embed.2.weight,2.8256295081519056e-06,3.7392612739495235e-07
hawk-dove,0.7,agent_action_embed.2.bias,3.0017436074558645e-06,3.7392612739495235e-07
hawk-dove,0.7,agent_reward_embed.0.weight,0.0,3.7392612739495235e-07
hawk-dove,0.7,agent_reward_embed.0.bias,7.322803867282346e-05,3.7392612739495235e-07
hawk-dove,0.7,agent_reward_embed.2.weight,1.758053372213908e-06,3.7392612739495235e-07
hawk-dove,0.7,agent_reward_embed.2.bias,2.4199221115850378e-06,3.7392612739495235e-07
hawk-dove,0.7,opponent_reward_embed.0.weight,0.0,3.7392612739495235e-07
hawk-dove,0.7,opponent_reward_embed.0.bias,9.331303590442985e-05,3.7392612739495235e-07
hawk-dove,0.7,opponent_reward_embed.2.weight,5.043335477239452e-06,3.7392612739495235e-07
hawk-dove,0.7,opponent_reward_embed.2.bias,3.3789046938181855e-06,3.7392612739495235e-07
hawk-dove,0.7,lstm.weight_ih_l0,6.516942084999755e-05,3.7392612739495235e-07
hawk-dove,0.7,lstm.weight_hh_l0,3.144609581795521e-05,3.7392612739495235e-07
hawk-dove,0.7,lstm.bias_ih_l0,5.8285891100240406e-06,3.7392612739495235e-07
hawk-dove,0.7,lstm.bias_hh_l0,5.8285891100240406e-06,3.7392612739495235e-07
hawk-dove,0.7,lstm.weight_ih_l1,0.00012285479169804603,3.7392612739495235e-07
hawk-dove,0.7,lstm.weight_hh_l1,0.00012878265988547355,3.7392612739495235e-07
hawk-dove,0.7,lstm.bias_ih_l1,2.1474037566804327e-05,3.7392612739495235e-07
hawk-dove,0.7,lstm.bias_hh_l1,2.1474037566804327e-05,3.7392612739495235e-07
hawk-dove,0.7,policy_head.0.weight,0.00032477316563017666,3.7392612739495235e-07
hawk-dove,0.7,policy_head.0.bias,5.3718278650194407e-05,3.7392612739495235e-07
hawk-dove,0.7,policy_head.3.weight,0.001084977644495666,3.7392612739495235e-07
hawk-dove,0.7,policy_head.3.bias,7.65265867812559e-05,3.7392612739495235e-07
hawk-dove,0.9,payoff_matrix_embed.0.weight,2.3896052425698144e-07,3.7201384195384435e-09
hawk-dove,0.9,payoff_matrix_embed.0.bias,3.4137219273588926e-08,3.7201384195384435e-09
hawk-dove,0.9,payoff_matrix_embed.2.weight,3.3881793370937885e-08,3.7201384195384435e-09
hawk-dove,0.9,payoff_matrix_embed.2.bias,3.876843734929025e-08,3.7201384195384435e-09
hawk-dove,0.9,round_number_embed.0.weight,5.555894233566505e-08,3.7201384195384435e-09
hawk-dove,0.9,round_number_embed.0.bias,3.7521698459386243e-07,3.7201384195384435e-09
hawk-dove,0.9,round_number_embed.2.weight,2.666270049189734e-08,3.7201384195384435e-09
hawk-dove,0.9,round_number_embed.2.bias,3.154684691253351e-08,3.7201384195384435e-09
hawk-dove,0.9,opponent_action_embed.0.weight,3.3667536314396784e-08,3.7201384195384435e-09
hawk-dove,0.9,opponent_action_embed.0.bias,7.296781063814706e-07,3.7201384195384435e-09
hawk-dove,0.9,opponent_action_embed.2.weight,5.349211207317239e-08,3.7201384195384435e-09
hawk-dove,0.9,opponent_action_embed.2.bias,3.815851457034114e-08,3.7201384195384435e-09
hawk-dove,0.9,agent_action_embed.0.weight,9.378315013464089e-09,3.7201384195384435e-09
hawk-dove,0.9,agent_action_embed.0.bias,9.400145017934847e-07,3.7201384195384435e-09
hawk-dove,0.9,agent_action_embed.2.weight,2.9511642907209534e-08,3.7201384195384435e-09
hawk-dove,0.9,agent_action_embed.2.bias,3.443474483333375e-08,3.7201384195384435e-09
hawk-dove,0.9,agent_reward_embed.0.weight,0.0,3.7201384195384435e-09
hawk-dove,0.9,agent_reward_embed.0.bias,8.194290330720833e-07,3.7201384195384435e-09
hawk-dove,0.9,agent_reward_embed.2.weight,6.586655132423402e-08,3.7201384195384435e-09
hawk-dove,0.9,agent_reward_embed.2.bias,4.8017515297260616e-08,3.7201384195384435e-09
hawk-dove,0.9,opponent_reward_embed.0.weight,0.0,3.7201384195384435e-09
hawk-dove,0.9,opponent_reward_embed.0.bias,3.5038351597904693e-07,3.7201384195384435e-09
hawk-dove,0.9,opponent_reward_embed.2.weight,2.969484746984108e-08,3.7201384195384435e-09
hawk-dove,0.9,opponent_reward_embed.2.bias,4.144662568705826e-08,3.7201384195384435e-09
hawk-dove,0.9,lstm.weight_ih_l0,1.3747635421168525e-06,3.7201384195384435e-09
hawk-dove,0.9,lstm.weight_hh_l0,1.0081965911012958e-06,3.7201384195384435e-09
hawk-dove,0.9,lstm.bias_ih_l0,1.2986052411179116e-07,3.7201384195384435e-09
hawk-dove,0.9,lstm.bias_hh_l0,1.2986052411179116e-07,3.7201384195384435e-09
hawk-dove,0.9,lstm.weight_ih_l1,1.2907677273688023e-06,3.7201384195384435e-09
hawk-dove,0.9,lstm.weight_hh_l1,1.3301797707754304e-06,3.7201384195384435e-09
hawk-dove,0.9,lstm.bias_ih_l1,1.6149272141774418e-07,3.7201384195384435e-09
hawk-dove,0.9,lstm.bias_hh_l1,1.6149272141774418e-07,3.7201384195384435e-09
hawk-dove,0.9,policy_head.0.weight,4.709166660177289e-06,3.7201384195384435e-09
hawk-dove,0.9,policy_head.0.bias,5.729963277190109e-07,3.7201384195384435e-09
hawk-dove,0.9,policy_head.3.weight,1.4693815501232166e-05,3.7201384195384435e-09
hawk-dove,0.9,policy_head.3.bias,7.698729973526497e-07,3.7201384195384435e-09
stag-hunt,0.1,payoff_matrix_embed.0.weight,3.856878902297467e-05,1.0398825907032005e-06
stag-hunt,0.1,payoff_matrix_embed.0.bias,7.872820788179524e-06,1.0398825907032005e-06
stag-hunt,0.1,payoff_matrix_embed.2.weight,8.889809578249697e-06,1.0398825907032005e-06
stag-hunt,0.1,payoff_matrix_embed.2.bias,9.28750159800984e-06,1.0398825907032005e-06
stag-hunt,0.1,round_number_embed.0.weight,1.2798417628800962e-05,1.0398825907032005e-06
stag-hunt,0.1,round_number_embed.0.bias,2.9215012546046637e-05,1.0398825907032005e-06
stag-hunt,0.1,round_number_embed.2.weight,6.894314537930768e-06,1.0398825907032005e-06
stag-hunt,0.1,round_number_embed.2.bias,6.975253654672997e-06,1.0398825907032005e-06
stag-hunt,0.1,opponent_action_embed.0.weight,7.285609058271802e-07,1.0398825907032005e-06
stag-hunt,0.1,opponent_action_embed.0.bias,0.0005550244823098183,1.0398825907032005e-06
stag-hunt,0.1,opponent_action_embed.2.weight,1.2786086699634325e-05,1.0398825907032005e-06
stag-hunt,0.1,opponent_action_embed.2.bias,1.423810772394063e-05,1.0398825907032005e-06
stag-hunt,0.1,agent_action_embed.0.weight,3.8601358220979876e-10,1.0398825907032005e-06
stag-hunt,0.1,agent_action_embed.0.bias,0.0003300866228528321,1.0398825907032005e-06
stag-hunt,0.1,agent_action_embed.2.weight,1.263913327420596e-05,1.0398825907032005e-06
stag-hunt,0.1,agent_action_embed.2.bias,1.0562105671851896e-05,1.0398825907032005e-06
stag-hunt,0.1,agent_reward_embed.0.weight,0.0,1.0398825907032005e-06
stag-hunt,0.1,agent_reward_embed.0.bias,0.00013957043120171875,1.0398825907032005e-06
stag-hunt,0.1,agent_reward_embed.2.weight,5.051159860158805e-06,1.0398825907032005e-06
stag-hunt,0.1,agent_reward_embed.2.bias,6.929220944584813e-06,1.0398825907032005e-06
stag-hunt,0.1,opponent_reward_embed.0.weight,0.0,1.0398825907032005e-06
stag-hunt,0.1,opponent_reward_embed.0.bias,0.00024295333423651755,1.0398825907032005e-06
stag-hunt,0.1,opponent_reward_embed.2.weight,1.0019247383752372e-05,1.0398825907032005e-06
stag-hunt,0.1,opponent_reward_embed.2.bias,8.871372301655356e-06,1.0398825907032005e-06
stag-hunt,0.1,lstm.weight_ih_l0,0.0003330435720272362,1.0398825907032005e-06
stag-hunt,0.1,lstm.weight_hh_l0,0.00023615786631125957,1.0398825907032005e-06
stag-hunt,0.1,lstm.bias_ih_l0,2.7919906642637216e-05,1.0398825907032005e-06
stag-hunt,0.1,lstm.bias_hh_l0,2.7919906642637216e-05,1.0398825907032005e-06
stag-hunt,0.1,lstm.weight_ih_l1,7.997448847163469e-05,1.0398825907032005e-06
stag-hunt,0.1,lstm.weight_hh_l1,7.380841270787641e-05,1.0398825907032005e-06
stag-hunt,0.1,lstm.bias_ih_l1,8.994683412311133e-06,1.0398825907032005e-06
stag-hunt,0.1,lstm.bias_hh_l1,8.994683412311133e-06,1.0398825907032005e-06
stag-hunt,0.1,policy_head.0.weight,0.00035131577169522643,1.0398825907032005e-06
stag-hunt,0.1,policy_head.0.bias,4.2715830204542726e-05,1.0398825907032005e-06
stag-hunt,0.1,policy_head.3.weight,0.0009272376191802323,1.0398825907032005e-06
stag-hunt,0.1,policy_head.3.bias,6.179593765409663e-05,1.0398825907032005e-06
stag-hunt,0.3,payoff_matrix_embed.0.weight,0.0003948959056288004,1.2380338375805877e-05
stag-hunt,0.3,payoff_matrix_embed.0.bias,8.060778782237321e-05,1.2380338375805877e-05
stag-hunt,0.3,payoff_matrix_embed.2.weight,9.426440374227241e-05,1.2380338375805877e-05
stag-hunt,0.3,payoff_matrix_embed.2.bias,9.12880859686993e-05,1.2380338375805877e-05
stag-hunt,0.3,round_number_embed.0.weight,0.00016979649080894887,1.2380338375805877e-05
stag-hunt,0.3,round_number_embed.0.bias,0.0009507342474535108,1.2380338375805877e-05
stag-hunt,0.3,round_number_embed.2.weight,0.00010644445137586445,1.2380338375805877e-05
stag-hunt,0.3,round_number_embed.2.bias,9.846372267929837e-05,1.2380338375805877e-05
stag-hunt,0.3,opponent_action_embed.0.weight,0.00011503005225677043,1.2380338375805877e-05
stag-hunt,0.3,opponent_action_embed.0.bias,0.00413808086887002,1.2380338375805877e-05
stag-hunt,0.3,opponent_action_embed.2.weight,0.00022940276539884508,1.2380338375805877e-05
stag-hunt,0.3,opponent_action_embed.2.bias,0.00019300913845654577,1.2380338375805877e-05
stag-hunt,0.3,agent_action_embed.0.weight,3.0478377084364183e-05,1.2380338375805877e-05
stag-hunt,0.3,agent_action_embed.0.bias,0.0020086404401808977,1.2380338375805877e-05
stag-hunt,0.3,agent_action_embed.2.weight,9.716800559544936e-05,1.2380338375805877e-05
stag-hunt,0.3,agent_action_embed.2.bias,8.990693459054455e-05,1.2380338375805877e-05
stag-hunt,0.3,agent_reward_embed.0.weight,0.0,1.2380338375805877e-05
stag-hunt,0.3,agent_reward_embed.0.bias,0.004132918082177639,1.2380338375805877e-05
stag-hunt,0.3,agent_reward_embed.2.weight,0.00025723836733959615,1.2380338375805877e-05
stag-hunt,0.3,agent_reward_embed.2.bias,0.0001610333565622568,1.2380338375805877e-05
stag-hunt,0.3,opponent_reward_embed.0.weight,0.0,1.2380338375805877e-05
stag-hunt,0.3,opponent_reward_embed.0.bias,0.0004983380204066634,1.2380338375805877e-05
stag-hunt,0.3,opponent_reward_embed.2.weight,3.7736219383077696e-05,1.2380338375805877e-05
stag-hunt,0.3,opponent_reward_embed.2.bias,9.628832049202174e-05,1.2380338375805877e-05
stag-hunt,0.3,lstm.weight_ih_l0,0.0040186019614338875,1.2380338375805877e-05
stag-hunt,0.3,lstm.weight_hh_l0,0.002752823056653142,1.2380338375805877e-05
stag-hunt,0.3,lstm.bias_ih_l0,0.0003345716977491975,1.2380338375805877e-05
stag-hunt,0.3,lstm.bias_hh_l0,0.0003345716977491975,1.2380338375805877e-05
stag-hunt,0.3,lstm.weight_ih_l1,0.0010290372883901,1.2380338375805877e-05
stag-hunt,0.3,lstm.weight_hh_l1,0.000781248090788722,1.2380338375805877e-05
stag-hunt,0.3,lstm.bias_ih_l1,0.00011830764560727403,1.2380338375805877e-05
stag-hunt,0.3,lstm.bias_hh_l1,0.00011830764560727403,1.2380338375805877e-05
stag-hunt,0.3,policy_head.0.weight,0.0030202120542526245,1.2380338375805877e-05
stag-hunt,0.3,policy_head.0.bias,0.0004551837337203324,1.2380338375805877e-05
stag-hunt,0.3,policy_head.3.weight,0.00728951720520854,1.2380338375805877e-05
stag-hunt,0.3,policy_head.3.bias,0.0006223719683475792,1.2380338375805877e-05
stag-hunt,0.5,payoff_matrix_embed.0.weight,2.1549911252805032e-05,4.233560275679338e-07
stag-hunt,0.5,payoff_matrix_embed.0.bias,4.398857072374085e-06,4.233560275679338e-07
stag-hunt,0.5,payoff_matrix_embed.2.weight,3.824093255389016e-06,4.233560275679338e-07
stag-hunt,0.5,payoff_matrix_embed.2.bias,4.0428544707538094e-06,4.233560275679338e-07
stag-hunt,0.5,round_number_embed.0.weight,8.62860179040581e-06,4.233560275679338e-07
stag-hunt,0.5,round_number_embed.0.bias,1.7666003259364516e-05,4.233560275679338e-07
stag-hunt,0.5,round_number_embed.2.weight,4.478540176933166e-06,4.233560275679338e-07
stag-hunt,0.5,round_number_embed.2.bias,4.4753642214345746e-06,4.233560275679338e-07
stag-hunt,0.5,opponent_action_embed.0.weight,4.050350810302916e-07,4.233560275679338e-07
stag-hunt,0.5,opponent_action_embed.0.bias,0.00028966934769414365,4.233560275679338e-07
stag-hunt,0.5,opponent_action_embed.2.weight,2.6082376280101016e-05,4.233560275679338e-07
stag-hunt,0.5,opponent_action_embed.2.bias,1.7378702978021465e-05,4.233560275679338e-07
stag-hunt,0.5,agent_action_embed.0.weight,4.1496237002114356e-11,4.233560275679338e-07
stag-hunt,0.5,agent_action_embed.0.bias,0.0002661466714926064,4.233560275679338e-07
stag-hunt,0.5,agent_action_embed.2.weight,4.090546553925378e-06,4.233560275679338e-07
stag-hunt,0.5,agent_action_embed.2.bias,4.137524683756055e-06,4.233560275679338e-07
stag-hunt,0.5,agent_reward_embed.0.weight,0.0,4.233560275679338e-07
stag-hunt,0.5,agent_reward_embed.0.bias,0.00024408524041064084,4.233560275679338e-07
stag-hunt,0.5,agent_reward_embed.2.weight,7.048454790492542e-06,4.233560275679338e-07
stag-hunt,0.5,agent_reward_embed.2.bias,6.601166205655318e-06,4.233560275679338e-07
stag-hunt,0.5,opponent_reward_embed.0.weight,0.0,4.233560275679338e-07
stag-hunt,0.5,opponent_reward_embed.0.bias,0.0003565993974916637,4.233560275679338e-07
stag-hunt,0.5,opponent_reward_embed.2.weight,1.2892059203295503e-05,4.233560275679338e-07
stag-hunt,0.5,opponent_reward_embed.2.bias,8.94153617991833e-06,4.233560275679338e-07
stag-hunt,0.5,lstm.weight_ih_l0,0.00015518785221502185,4.233560275679338e-07
stag-hunt,0.5,lstm.weight_hh_l0,0.00011181048466823995,4.233560275679338e-07
stag-hunt,0.5,lstm.bias_ih_l0,1.3601033060695045e-05,4.233560275679338e-07
stag-hunt,0.5,lstm.bias_hh_l0,1.3601033060695045e-05,4.233560275679338e-07
stag-hunt,0.5,lstm.weight_ih_l1,0.0010741137666627765,4.233560275679338e-07
stag-hunt,0.5,lstm.weight_hh_l1,0.0006684053223580122,4.233560275679338e-07
stag-hunt,0.5,lstm.bias_ih_l1,0.0001226487656822428,4.233560275679338e-07
stag-hunt,0.5,lstm.bias_hh_l1,0.0001226487656822428,4.233560275679338e-07
stag-hunt,0.5,policy_head.0.weight,0.008748807944357395,4.233560275679338e-07
stag-hunt,0.5,policy_head.0.bias,0.0016125412657856941,4.233560275679338e-07
stag-hunt,0.5,policy_head.3.weight,0.017182180657982826,4.233560275679338e-07
stag-hunt,0.5,policy_head.3.bias,0.012578051537275314,4.233560275679338e-07
stag-hunt,0.7,payoff_matrix_embed.0.weight,5.810701608766067e-08,1.5632422023514891e-09
stag-hunt,0.7,payoff_matrix_embed.0.bias,1.1861045479122367e-08,1.5632422023514891e-09
stag-hunt,0.7,payoff_matrix_embed.2.weight,1.6140592862257108e-08,1.5632422023514891e-09
stag-hunt,0.7,payoff_matrix_embed.2.bias,1.7654691930601984e-08,1.5632422023514891e-09
stag-hunt,0.7,round_number_embed.0.weight,4.476915194118192e-08,1.5632422023514891e-09
stag-hunt,0.7,round_number_embed.0.bias,9.172602233320504e-08,1.5632422023514891e-09
stag-hunt,0.7,round_number_embed.2.weight,9.32215726834329e-09,1.5632422023514891e-09
stag-hunt,0.7,round_number_embed.2.bias,1.614707301200724e-08,1.5632422023514891e-09
stag-hunt,0.7,opponent_action_embed.0.weight,2.1163273800084426e-08,1.5632422023514891e-09
stag-hunt,0.7,opponent_action_embed.0.bias,2.0801099509526466e-08,1.5632422023514891e-09
stag-hunt,0.7,opponent_action_embed.2.weight,1.2532169080259337e-08,1.5632422023514891e-09
stag-hunt,0.7,opponent_action_embed.2.bias,1.2861797848984224e-08,1.5632422023514891e-09
stag-hunt,0.7,agent_action_embed.0.weight,1.1416086658153622e-15,1.5632422023514891e-09
stag-hunt,0.7,agent_action_embed.0.bias,1.5259247447829694e-06,1.5632422023514891e-09
stag-hunt,0.7,agent_action_embed.2.weight,1.3612392990580702e-08,1.5632422023514891e-09
stag-hunt,0.7,agent_action_embed.2.bias,1.7559262488475724e-08,1.5632422023514891e-09
stag-hunt,0.7,agent_reward_embed.0.weight,0.0,1.5632422023514891e-09
stag-hunt,0.7,agent_reward_embed.0.bias,4.693282846801594e-07,1.5632422023514891e-09
stag-hunt,0.7,agent_reward_embed.2.weight,2.72334421680398e-08,1.5632422023514891e-09
stag-hunt,0.7,agent_reward_embed.2.bias,1.7181715605829595e-08,1.5632422023514891e-09
stag-hunt,0.7,opponent_reward_embed.0.weight,0.0,1.5632422023514891e-09
stag-hunt,0.7,opponent_reward_embed.0.bias,2.3019927652967453e-07,1.5632422023514891e-09
stag-hunt,0.7,opponent_reward_embed.2.weight,1.7231153393026943e-08,1.5632422023514891e-09
stag-hunt,0.7,opponent_reward_embed.2.bias,1.6487113896346273e-08,1.5632422023514891e-09
stag-hunt,0.7,lstm.weight_ih_l0,4.276793390545208e-07,1.5632422023514891e-09
stag-hunt,0.7,lstm.weight_hh_l0,3.54738062924298e-07,1.5632422023514891e-09
stag-hunt,0.7,lstm.bias_ih_l0,3.748753485410816e-08,1.5632422023514891e-09
stag-hunt,0.7,lstm.bias_hh_l0,3.748753485410816e-08,1.5632422023514891e-09
stag-hunt,0.7,lstm.weight_ih_l1,2.961502332254895e-06,1.5632422023514891e-09
stag-hunt,0.7,lstm.weight_hh_l1,2.7537894311535638e-06,1.5632422023514891e-09
stag-hunt,0.7,lstm.bias_ih_l1,2.993594137024047e-07,1.5632422023514891e-09
stag-hunt,0.7,lstm.bias_hh_l1,2.993594137024047e-07,1.5632422023514891e-09
stag-hunt,0.7,policy_head.0.weight,2.335610770387575e-05,1.5632422023514891e-09
stag-hunt,0.7,policy_head.0.bias,2.551323632360436e-06,1.5632422023514891e-09
stag-hunt,0.7,policy_head.3.weight,8.167939085979015e-05,1.5632422023514891e-09
stag-hunt,0.7,policy_head.3.bias,4.019484094897052e-06,1.5632422023514891e-09
stag-hunt,0.9,payoff_matrix_embed.0.weight,1.1638952628345578e-06,8.750757984898883e-08
stag-hunt,0.9,payoff_matrix_embed.0.bias,2.375791154918261e-07,8.750757984898883e-08
stag-hunt,0.9,payoff_matrix_embed.2.weight,2.0264955935545004e-07,8.750757984898883e-08
stag-hunt,0.9,payoff_matrix_embed.2.bias,2.69794924179223e-07,8.750757984898883e-08
stag-hunt,0.9,round_number_embed.0.weight,8.499613386447891e-07,8.750757984898883e-08
stag-hunt,0.9,round_number_embed.0.bias,1.7363422557536978e-06,8.750757984898883e-08
stag-hunt,0.9,round_number_embed.2.weight,2.4648997509757464e-07,8.750757984898883e-08
stag-hunt,0.9,round_number_embed.2.bias,3.108872022039577e-07,8.750757984898883e-08
stag-hunt,0.9,opponent_action_embed.0.weight,2.6185466595052276e-07,8.750757984898883e-08
stag-hunt,0.9,opponent_action_embed.0.bias,2.8574783073054277e-07,8.750757984898883e-08
stag-hunt,0.9,opponent_action_embed.2.weight,2.1779057135518087e-07,8.750757984898883e-08
stag-hunt,0.9,opponent_action_embed.2.bias,2.2028542900898174e-07,8.750757984898883e-08
stag-hunt,0.9,agent_action_embed.0.weight,1.535312438435358e-14,8.750757984898883e-08
stag-hunt,0.9,agent_action_embed.0.bias,2.9730339520028792e-05,8.750757984898883e-08
stag-hunt,0.9,agent_action_embed.2.weight,5.174472335056635e-07,8.750757984898883e-08
stag-hunt,0.9,agent_action_embed.2.bias,3.8195344131963793e-07,8.750757984898883e-08
stag-hunt,0.9,agent_reward_embed.0.weight,0.0,8.750757984898883e-08
stag-hunt,0.9,agent_reward_embed.0.bias,1.5301118764909916e-05,8.750757984898883e-08
stag-hunt,0.9,agent_reward_embed.2.weight,4.1197256450686837e-07,8.750757984898883e-08
stag-hunt,0.9,agent_reward_embed.2.bias,3.1581569714944635e-07,8.750757984898883e-08
stag-hunt,0.9,opponent_reward_embed.0.weight,0.0,8.750757984898883e-08
stag-hunt,0.9,opponent_reward_embed.0.bias,3.980296241934411e-06,8.750757984898883e-08
stag-hunt,0.9,opponent_reward_embed.2.weight,2.2300224600257934e-07,8.750757984898883e-08
stag-hunt,0.9,opponent_reward_embed.2.bias,2.622561225962272e-07,8.750757984898883e-08
stag-hunt,0.9,lstm.weight_ih_l0,6.489821316790767e-06,8.750757984898883e-08
stag-hunt,0.9,lstm.weight_hh_l0,5.373482053983025e-06,8.750757984898883e-08
stag-hunt,0.9,lstm.bias_ih_l0,5.642984888254432e-07,8.750757984898883e-08
stag-hunt,0.9,lstm.bias_hh_l0,5.642984888254432e-07,8.750757984898883e-08
stag-hunt,0.9,lstm.weight_ih_l1,3.5362634662305936e-05,8.750757984898883e-08
stag-hunt,0.9,lstm.weight_hh_l1,3.545920844771899e-05,8.750757984898883e-08
stag-hunt,0.9,lstm.bias_ih_l1,3.6981784887757385e-06,8.750757984898883e-08
stag-hunt,0.9,lstm.bias_hh_l1,3.6981784887757385e-06,8.750757984898883e-08
stag-hunt,0.9,policy_head.0.weight,0.00027308682911098003,8.750757984898883e-08
stag-hunt,0.9,policy_head.0.bias,2.863519694074057e-05,8.750757984898883e-08
stag-hunt,0.9,policy_head.3.weight,0.0010734921088442206,8.750757984898883e-08
stag-hunt,0.9,policy_head.3.bias,5.387988858274184e-05,8.750757984898883e-08
