game,opponent,matrix,effective_rank_90,effective_rank_95,participation_ratio,condition_number,spectral_entropy,max_singular_value,min_singular_value
prisoners-dilemma,0.1,lstm_l0_ih,91,105,101.86822,9.974999,4.280054,6.723968,0.67408204
prisoners-dilemma,0.1,lstm_l0_hh,110,119,114.539185,4.6541834,4.536437,4.059485,0.8722228
prisoners-dilemma,0.1,lstm_l1_ih,87,103,89.83042,15.034265,3.8366516,9.791143,0.65125525
prisoners-dilemma,0.1,lstm_l1_hh,112,120,117.96626,4.7627296,4.612502,4.1490235,0.87114406
prisoners-dilemma,0.1,policy_head,40,48,49.03287,12.656752,3.5528836,2.4852648,0.19635881
prisoners-dilemma,0.1,value_head,41,49,51.52639,11.950549,3.7085922,1.9760932,0.16535585
prisoners-dilemma,0.3,lstm_l0_ih,92,106,104.675125,9.429771,4.3570633,6.2655635,0.6644449
prisoners-dilemma,0.3,lstm_l0_hh,112,120,118.8302,4.5845013,4.6347113,3.9870076,0.8696709
prisoners-dilemma,0.3,lstm_l1_ih,90,106,97.72528,12.589142,4.0952234,8.184514,0.65012485
prisoners-dilemma,0.3,lstm_l1_hh,113,120,118.73026,4.810374,4.6189346,4.2313285,0.8796257
prisoners-dilemma,0.3,policy_head,41,49,51.26902,10.695562,3.6833348,2.1123872,0.19750127
prisoners-dilemma,0.3,value_head,41,49,52.258556,10.556226,3.7470613,1.8487638,0.17513493
prisoners-dilemma,0.5,lstm_l0_ih,92,106,104.74817,9.770264,4.353272,6.3514724,0.650082
prisoners-dilemma,0.5,lstm_l0_hh,112,120,120.02224,4.310367,4.6663465,3.7181606,0.86260885
prisoners-dilemma,0.5,lstm_l1_ih,91,106,98.88833,12.154108,4.1228905,8.094442,0.6659841
prisoners-dilemma,0.5,lstm_l1_hh,113,120,119.27172,4.705455,4.6347904,4.122421,0.87609404
prisoners-dilemma,0.5,policy_head,41,49,51.399193,10.411738,3.6921227,2.0820498,0.1999714
prisoners-dilemma,0.5,value_head,42,49,52.891533,9.806719,3.7831938,1.7019273,0.17354707
prisoners-dilemma,0.7,lstm_l0_ih,92,106,106.64402,8.375408,4.4234257,5.496608,0.6562794
prisoners-dilemma,0.7,lstm_l0_hh,110,119,114.43481,4.942376,4.5329103,4.1660156,0.84291756
prisoners-dilemma,0.7,lstm_l1_ih,92,107,104.84558,9.680518,4.333945,6.4581423,0.6671277
prisoners-dilemma,0.7,lstm_l1_hh,112,120,120.79674,4.38961,4.68075,3.7519045,0.85472393
prisoners-dilemma,0.7,policy_head,41,48,50.355186,11.447188,3.6345983,2.2508237,0.19662678
prisoners-dilemma,0.7,value_head,42,50,54.09756,7.640542,3.8435013,1.4058731,0.18400174
prisoners-dilemma,0.9,lstm_l0_ih,93,107,108.652214,7.9107165,4.481154,5.1355457,0.64918846
prisoners-dilemma,0.9,lstm_l0_hh,110,119,115.40333,4.823085,4.5565815,4.086049,0.84718585
prisoners-dilemma,0.9,lstm_l1_ih,93,108,106.96795,9.052836,4.401123,5.8650703,0.647871
prisoners-dilemma,0.9,lstm_l1_hh,112,120,120.89472,4.1147704,4.6902432,3.574534,0.86870795
prisoners-dilemma,0.9,policy_head,41,48,49.813053,11.756688,3.5994072,2.3600054,0.20073727
prisoners-dilemma,0.9,value_head,42,50,54.523132,7.54838,3.8634124,1.2834998,0.17003646
hawk-dove,0.1,lstm_l0_ih,91,106,103.033295,9.732621,4.3142257,6.5238442,0.670307
hawk-dove,0.1,lstm_l0_hh,109,118,109.899605,5.7502413,4.41163,4.7992015,0.83460873
hawk-dove,0.1,lstm_l1_ih,87,104,91.031906,14.527015,3.87682,9.545673,0.65709805
hawk-dove,0.1,lstm_l1_hh,112,120,119.453415,4.4600286,4.6539416,3.8212547,0.856778
hawk-dove,0.1,policy_head,41,49,50.49374,11.2067795,3.639773,2.2373304,0.1996408
hawk-dove,0.1,value_head,41,49,51.29862,11.735246,3.6953452,2.0383472,0.17369446
hawk-dove,0.3,lstm_l0_ih,92,106,105.22712,9.160987,4.3783793,6.072359,0.6628499
hawk-dove,0.3,lstm_l0_hh,108,117,105.83838,6.4340377,4.2883253,5.459214,0.84848964
hawk-dove,0.3,lstm_l1_ih,91,106,100.65674,11.837153,4.191029,7.616346,0.64342713
hawk-dove,0.3,lstm_l1_hh,112,120,119.97918,4.6503806,4.660617,3.8899314,0.8364759
hawk-dove,0.3,policy_head,41,48,50.62343,11.267034,3.6504703,2.2013295,0.19537792
hawk-dove,0.3,value_head,42,49,52.765453,10.520289,3.775208,1.7407825,0.16546907
hawk-dove,0.5,lstm_l0_ih,94,107,109.432144,8.106649,4.492803,5.2657256,0.64955634
hawk-dove,0.5,lstm_l0_hh,110,119,115.30184,5.037262,4.5476093,4.3414307,0.8618632
hawk-dove,0.5,lstm_l1_ih,93,107,106.336136,8.712478,4.3835883,5.8171434,0.6676796
hawk-dove,0.5,lstm_l1_hh,111,119,118.406044,4.680642,4.6272097,3.9363809,0.8409916
hawk-dove,0.5,policy_head,40,48,48.93395,12.727768,3.549122,2.4939482,0.19594546
hawk-dove,0.5,value_head,41,49,52.61367,10.459699,3.769888,1.7559776,0.16788033
hawk-dove,0.7,lstm_l0_ih,93,107,109.72359,7.0037127,4.5176187,4.594539,0.6560148
hawk-dove,0.7,lstm_l0_hh,110,119,114.8797,4.741623,4.5451403,3.971171,0.837513
hawk-dove,0.7,lstm_l1_ih,94,108,109.6992,8.236779,4.4768353,5.390034,0.65438616
hawk-dove,0.7,lstm_l1_hh,112,120,119.98349,4.5640264,4.6610084,3.8906364,0.85245705
hawk-dove,0.7,policy_head,40,48,47.539677,13.824496,3.4647279,2.7068355,0.19579993
hawk-dove,0.7,value_head,43,50,55.079433,6.8031607,3.8873012,1.1133205,0.16364753
hawk-dove,0.9,lstm_l0_ih,94,107,110.26428,7.1458306,4.5260797,4.6570697,0.65171844
hawk-dove,0.9,lstm_l0_hh,111,119,116.6927,4.514112,4.5898347,3.8064551,0.84323454
hawk-dove,0.9,lstm_l1_ih,93,108,107.593124,8.188447,4.4210553,5.418784,0.6617597
hawk-dove,0.9,lstm_l1_hh,112,120,120.20423,4.1332865,4.6767364,3.549483,0.8587556
hawk-dove,0.9,policy_head,40,48,47.29675,13.183973,3.4466882,2.7557745,0.20902458
hawk-dove,0.9,value_head,42,50,54.91584,6.7662835,3.8819902,1.1309578,0.16714609
stag-hunt,0.1,lstm_l0_ih,91,106,103.89181,9.345134,4.3464127,6.1714187,0.66038847
stag-hunt,0.1,lstm_l0_hh,110,118,111.996506,5.259597,4.465024,4.382089,0.83316064
stag-hunt,0.1,lstm_l1_ih,89,105,95.05176,13.802036,4.0009003,8.842479,0.6406648
stag-hunt,0.1,lstm_l1_hh,112,120,118.27372,4.841293,4.6142387,4.220695,0.8718115
stag-hunt,0.1,policy_head,41,49,51.060146,10.95757,3.6763017,2.129027,0.19429736
stag-hunt,0.1,value_head,42,49,52.481487,10.573231,3.7595277,1.7997209,0.17021485
stag-hunt,0.3,lstm_l0_ih,92,106,105.72489,8.565612,4.4053717,5.5913577,0.6527681
stag-hunt,0.3,lstm_l0_hh,109,118,112.73925,4.8795667,4.490089,4.130773,0.8465451
stag-hunt,0.3,lstm_l1_ih,91,106,101.591545,11.195696,4.2252502,7.302912,0.6522964
stag-hunt,0.3,lstm_l1_hh,113,120,121.94462,4.128479,4.7096815,3.5276442,0.8544658
stag-hunt,0.3,policy_head,41,49,51.057034,10.95917,3.6757157,2.1295872,0.19432011
stag-hunt,0.3,value_head,42,49,53.59938,8.55961,3.8175092,1.5490721,0.18097462
stag-hunt,0.5,lstm_l0_ih,93,107,108.24361,8.069009,4.4688525,5.2557683,0.6513524
stag-hunt,0.5,lstm_l0_hh,112,120,119.98464,4.258874,4.6673365,3.6813946,0.86440563
stag-hunt,0.5,lstm_l1_ih,94,108,107.65359,9.102611,4.4091897,6.02363,0.6617475
stag-hunt,0.5,lstm_l1_hh,113,120,119.987816,4.5948896,4.6552105,3.9704695,0.8641055
stag-hunt,0.5,policy_head,43,50,55.647522,4.9885273,3.9068046,1.0092776,0.20231974
stag-hunt,0.5,value_head,42,50,54.32137,7.453975,3.853899,1.3363183,0.17927592
stag-hunt,0.7,lstm_l0_ih,94,107,109.3416,8.218198,4.4871125,5.338231,0.64956224
stag-hunt,0.7,lstm_l0_hh,113,120,122.37871,3.898538,4.7201185,3.4456234,0.88382447
stag-hunt,0.7,lstm_l1_ih,94,108,108.4192,9.302975,4.424733,6.0170026,0.64678264
stag-hunt,0.7,lstm_l1_hh,113,120,120.97283,4.326094,4.682769,3.7570736,0.86846787
stag-hunt,0.7,policy_head,41,49,50.499798,11.694958,3.6401527,2.2404478,0.19157383
stag-hunt,0.7,value_head,42,50,54.548717,7.318892,3.8644865,1.272654,0.17388617
stag-hunt,0.9,lstm_l0_ih,94,107,109.97688,7.999537,4.5054445,5.1725726,0.646609
stag-hunt,0.9,lstm_l0_hh,113,121,122.401215,3.856673,4.720414,3.4463058,0.8935955
stag-hunt,0.9,lstm_l1_ih,94,108,109.40527,8.930215,4.453514,5.79188,0.6485712
stag-hunt,0.9,lstm_l1_hh,113,120,119.63569,4.5301375,4.6452374,4.043769,0.89263713
stag-hunt,0.9,policy_head,41,49,50.787533,11.432923,3.6576576,2.1871083,0.19129913
stag-hunt,0.9,value_head,42,50,53.990013,8.116377,3.8379178,1.4425488,0.1777331
