hidden_size,game,opponent,seed,geometric_states,lstar_states,minimized_states,fidelity
16,prisoners-dilemma,0.1,42,16,16,16,1.0
16,prisoners-dilemma,0.3,42,16,16,13,1.0
16,prisoners-dilemma,0.5,42,16,16,15,1.0
16,prisoners-dilemma,0.7,42,16,16,15,1.0
16,prisoners-dilemma,0.9,42,16,16,14,1.0
16,prisoners-dilemma,0.1,123,16,16,15,1.0
16,prisoners-dilemma,0.3,123,16,16,15,0.3017171717171717
16,prisoners-dilemma,0.5,123,16,16,16,1.0
16,prisoners-dilemma,0.7,123,16,16,10,1.0
16,prisoners-dilemma,0.9,123,16,16,16,1.0
16,stag-hunt,0.1,42,16,16,16,1.0
16,stag-hunt,0.3,42,16,16,14,1.0
16,stag-hunt,0.5,42,16,16,14,1.0
16,stag-hunt,0.7,42,16,16,15,1.0
16,stag-hunt,0.9,42,16,16,14,1.0
16,stag-hunt,0.1,123,16,16,16,1.0
16,stag-hunt,0.3,123,16,16,15,0.29535353535353537
16,stag-hunt,0.5,123,16,16,15,1.0
16,stag-hunt,0.7,123,16,16,16,0.704949494949495
16,stag-hunt,0.9,123,16,16,16,0.09676767676767677
16,stag-hunt,0.1,456,16,16,14,1.0
16,stag-hunt,0.3,456,16,16,15,1.0
16,stag-hunt,0.5,456,16,16,15,0.5075757575757576
16,stag-hunt,0.7,456,16,16,16,1.0
16,stag-hunt,0.9,456,16,16,14,1.0
16,stag-hunt,0.1,789,16,16,16,1.0
16,stag-hunt,0.3,789,16,16,14,1.0
16,stag-hunt,0.5,789,16,16,16,1.0
16,stag-hunt,0.7,789,16,16,15,1.0
16,stag-hunt,0.9,789,16,16,15,1.0
16,stag-hunt,0.1,1011,16,16,16,1.0
16,stag-hunt,0.3,1011,16,16,15,1.0
16,stag-hunt,0.5,1011,16,16,12,1.0
16,stag-hunt,0.7,1011,16,16,15,1.0
16,stag-hunt,0.9,1011,16,16,13,1.0
16,stag-hunt,0.1,1213,16,16,16,1.0
16,stag-hunt,0.3,1213,16,16,16,0.7011111111111111
16,stag-hunt,0.5,1213,16,16,16,0.4995959595959596
16,stag-hunt,0.7,1213,16,16,9,1.0
16,stag-hunt,0.9,1213,16,16,16,1.0
16,stag-hunt,0.1,1415,16,16,16,1.0
16,stag-hunt,0.3,1415,16,16,12,1.0
16,stag-hunt,0.5,1415,16,16,16,0.48828282828282826
16,stag-hunt,0.7,1415,16,16,16,1.0
16,stag-hunt,0.9,1415,16,16,14,1.0
16,stag-hunt,0.1,1617,16,16,14,1.0
16,stag-hunt,0.3,1617,16,16,10,1.0
16,stag-hunt,0.5,1617,16,16,16,0.49272727272727274
16,stag-hunt,0.7,1617,16,16,16,1.0
16,stag-hunt,0.9,1617,16,16,15,1.0
16,stag-hunt,0.1,1819,16,16,16,1.0
16,stag-hunt,0.3,1819,16,16,12,1.0
16,stag-hunt,0.5,1819,16,16,14,1.0
16,stag-hunt,0.7,1819,16,16,8,1.0
16,stag-hunt,0.9,1819,16,16,16,0.8951515151515151
16,stag-hunt,0.1,2021,16,16,16,1.0
16,stag-hunt,0.3,2021,16,16,16,1.0
16,stag-hunt,0.5,2021,16,16,14,1.0
16,stag-hunt,0.7,2021,16,16,13,1.0
16,stag-hunt,0.9,2021,16,16,16,1.0
16,prisoners-dilemma,0.1,456,16,16,15,1.0
16,prisoners-dilemma,0.3,456,16,16,16,1.0
16,prisoners-dilemma,0.5,456,16,16,16,1.0
16,prisoners-dilemma,0.7,456,16,16,16,1.0
16,prisoners-dilemma,0.9,456,16,16,15,1.0
16,hawk-dove,0.1,42,16,16,16,0.8975757575757576
16,hawk-dove,0.3,42,16,16,16,1.0
16,hawk-dove,0.5,42,16,16,12,1.0
16,hawk-dove,0.7,42,16,16,13,1.0
16,hawk-dove,0.9,42,16,16,15,1.0
16,hawk-dove,0.1,123,16,16,16,1.0
16,hawk-dove,0.3,123,16,16,14,1.0
16,hawk-dove,0.5,123,16,16,15,1.0
16,hawk-dove,0.7,123,16,16,15,1.0
16,hawk-dove,0.9,123,16,16,16,1.0
16,hawk-dove,0.1,456,16,16,15,0.9087878787878788
16,hawk-dove,0.3,456,16,16,14,1.0
16,hawk-dove,0.5,456,16,16,15,1.0
16,hawk-dove,0.7,456,16,16,14,1.0
16,hawk-dove,0.9,456,16,16,12,1.0
16,hawk-dove,0.1,789,16,16,16,0.09616161616161616
16,hawk-dove,0.3,789,16,16,14,1.0
16,hawk-dove,0.5,789,16,16,12,1.0
16,hawk-dove,0.7,789,16,16,13,1.0
16,hawk-dove,0.9,789,16,16,14,1.0
16,hawk-dove,0.1,1011,16,16,15,1.0
16,hawk-dove,0.3,1011,16,16,16,1.0
16,hawk-dove,0.5,1011,16,16,13,1.0
16,hawk-dove,0.7,1011,16,16,15,1.0
16,hawk-dove,0.9,1011,16,16,15,1.0
16,hawk-dove,0.1,1213,16,16,16,1.0
16,hawk-dove,0.3,1213,16,16,12,1.0
16,hawk-dove,0.5,1213,16,16,14,1.0
16,hawk-dove,0.7,1213,16,16,16,1.0
16,hawk-dove,0.9,1213,16,16,16,1.0
16,hawk-dove,0.1,1415,16,16,16,0.19
16,hawk-dove,0.3,1415,16,16,16,0.0
16,hawk-dove,0.5,1415,16,16,15,0.49797979797979797
16,hawk-dove,0.7,1415,16,16,15,1.0
16,hawk-dove,0.9,1415,16,16,14,1.0
16,hawk-dove,0.1,1617,16,16,16,0.8071717171717172
16,hawk-dove,0.3,1617,16,16,9,1.0
16,hawk-dove,0.5,1617,16,16,16,0.4988888888888889
16,hawk-dove,0.7,1617,16,16,14,1.0
16,hawk-dove,0.9,1617,16,16,16,1.0
16,hawk-dove,0.1,1819,16,16,16,1.0
16,hawk-dove,0.3,1819,16,16,14,1.0
16,hawk-dove,0.5,1819,16,16,15,1.0
16,hawk-dove,0.7,1819,16,16,16,0.29838383838383836
16,hawk-dove,0.9,1819,16,16,15,1.0
16,hawk-dove,0.1,2021,16,16,16,1.0
16,hawk-dove,0.3,2021,16,16,15,1.0
16,hawk-dove,0.5,2021,16,16,14,1.0
16,hawk-dove,0.7,2021,16,16,14,1.0
16,hawk-dove,0.9,2021,16,16,15,1.0
16,prisoners-dilemma,0.1,789,16,16,14,1.0
16,prisoners-dilemma,0.3,789,16,16,14,1.0
16,prisoners-dilemma,0.5,789,16,16,16,1.0
16,prisoners-dilemma,0.7,789,16,16,13,1.0
16,prisoners-dilemma,0.9,789,16,16,15,1.0
16,prisoners-dilemma,0.1,1011,16,16,16,1.0
16,prisoners-dilemma,0.3,1011,16,16,15,1.0
16,prisoners-dilemma,0.5,1011,16,16,10,1.0
16,prisoners-dilemma,0.7,1011,16,16,11,1.0
16,prisoners-dilemma,0.9,1011,16,16,12,1.0
16,prisoners-dilemma,0.1,1213,16,16,16,1.0
16,prisoners-dilemma,0.3,1213,16,16,15,1.0
16,prisoners-dilemma,0.5,1213,16,16,13,1.0
16,prisoners-dilemma,0.7,1213,16,16,15,1.0
16,prisoners-dilemma,0.9,1213,16,16,15,0.9008080808080808
16,prisoners-dilemma,0.1,1415,16,16,15,0.9005050505050505
16,prisoners-dilemma,0.3,1415,16,16,14,1.0
16,prisoners-dilemma,0.5,1415,16,16,16,1.0
16,prisoners-dilemma,0.7,1415,16,16,16,1.0
16,prisoners-dilemma,0.9,1415,16,16,16,1.0
16,prisoners-dilemma,0.1,1617,16,16,15,1.0
16,prisoners-dilemma,0.3,1617,16,16,16,1.0
16,prisoners-dilemma,0.5,1617,16,16,16,0.49292929292929294
16,prisoners-dilemma,0.7,1617,16,16,13,1.0
16,prisoners-dilemma,0.9,1617,16,16,15,1.0
16,prisoners-dilemma,0.1,1819,16,16,14,1.0
16,prisoners-dilemma,0.3,1819,16,16,12,1.0
16,prisoners-dilemma,0.5,1819,16,16,14,1.0
16,prisoners-dilemma,0.7,1819,16,16,16,0.30414141414141416
16,prisoners-dilemma,0.9,1819,16,16,14,1.0
16,prisoners-dilemma,0.1,2021,16,16,15,1.0
16,prisoners-dilemma,0.3,2021,16,16,15,1.0
16,prisoners-dilemma,0.5,2021,16,16,13,1.0
16,prisoners-dilemma,0.7,2021,16,16,16,1.0
16,prisoners-dilemma,0.9,2021,16,16,15,1.0
8,prisoners-dilemma,0.1,42,8,8,7,1.0
8,prisoners-dilemma,0.3,42,8,8,3,1.0
8,prisoners-dilemma,0.5,42,8,8,7,1.0
8,prisoners-dilemma,0.7,42,8,8,8,1.0
8,prisoners-dilemma,0.9,42,8,8,7,1.0
8,prisoners-dilemma,0.1,123,8,8,8,1.0
8,prisoners-dilemma,0.3,123,8,8,8,0.30393939393939395
8,prisoners-dilemma,0.5,123,8,8,5,1.0
8,prisoners-dilemma,0.7,123,8,8,5,1.0
8,prisoners-dilemma,0.9,123,8,8,5,1.0
8,stag-hunt,0.1,42,8,8,6,1.0
8,stag-hunt,0.3,42,8,8,3,1.0
8,stag-hunt,0.5,42,8,8,7,1.0
8,stag-hunt,0.7,42,8,8,8,1.0
8,stag-hunt,0.9,42,8,8,7,1.0
8,stag-hunt,0.1,123,8,8,5,1.0
8,stag-hunt,0.3,123,8,8,8,0.3090909090909091
8,stag-hunt,0.5,123,8,8,8,1.0
8,stag-hunt,0.7,123,8,8,8,0.295959595959596
8,stag-hunt,0.9,123,8,8,8,0.1008080808080808
8,stag-hunt,0.1,456,8,8,6,1.0
8,stag-hunt,0.3,456,8,8,8,1.0
8,stag-hunt,0.5,456,8,8,5,1.0
8,stag-hunt,0.7,456,8,8,7,1.0
8,stag-hunt,0.9,456,8,8,8,1.0
8,stag-hunt,0.1,789,8,8,6,1.0
8,stag-hunt,0.3,789,8,8,8,1.0
8,stag-hunt,0.5,789,8,8,6,1.0
8,stag-hunt,0.7,789,8,8,7,1.0
8,stag-hunt,0.9,789,8,8,8,1.0
8,stag-hunt,0.1,1011,8,8,8,1.0
8,stag-hunt,0.3,1011,8,8,8,1.0
8,stag-hunt,0.5,1011,8,8,8,1.0
8,stag-hunt,0.7,1011,8,8,7,1.0
8,stag-hunt,0.9,1011,8,8,8,1.0
8,stag-hunt,0.1,1213,8,8,8,0.9047474747474747
8,stag-hunt,0.3,1213,8,8,7,1.0
8,stag-hunt,0.5,1213,8,8,4,1.0
8,stag-hunt,0.7,1213,8,8,7,1.0
8,stag-hunt,0.9,1213,8,8,8,1.0
8,stag-hunt,0.1,1415,8,8,8,1.0
8,stag-hunt,0.3,1415,8,8,8,1.0
8,stag-hunt,0.5,1415,8,8,8,0.4922222222222222
8,stag-hunt,0.7,1415,8,8,8,1.0
8,stag-hunt,0.9,1415,8,8,8,1.0
8,stag-hunt,0.1,1617,8,8,7,1.0
8,stag-hunt,0.3,1617,8,8,5,1.0
8,stag-hunt,0.5,1617,8,8,7,1.0
8,stag-hunt,0.7,1617,8,8,7,1.0
8,stag-hunt,0.9,1617,8,8,4,1.0
8,stag-hunt,0.1,1819,8,8,8,1.0
8,stag-hunt,0.3,1819,8,8,7,0.6983838383838383
8,stag-hunt,0.5,1819,8,8,7,1.0
8,stag-hunt,0.7,1819,8,8,6,1.0
8,stag-hunt,0.9,1819,8,8,8,1.0
8,stag-hunt,0.1,2021,8,8,5,1.0
8,stag-hunt,0.3,2021,8,8,8,1.0
8,stag-hunt,0.5,2021,8,8,7,1.0
8,stag-hunt,0.7,2021,8,8,7,1.0
8,stag-hunt,0.9,2021,8,8,8,1.0
8,prisoners-dilemma,0.1,456,8,8,8,1.0
8,prisoners-dilemma,0.3,456,8,8,8,1.0
8,prisoners-dilemma,0.5,456,8,8,3,1.0
8,prisoners-dilemma,0.7,456,8,8,8,0.6971717171717172
8,prisoners-dilemma,0.9,456,8,8,8,0.8997979797979798
8,hawk-dove,0.1,42,8,8,8,1.0
8,hawk-dove,0.3,42,8,8,5,1.0
8,hawk-dove,0.5,42,8,8,7,1.0
8,hawk-dove,0.7,42,8,8,3,1.0
8,hawk-dove,0.9,42,8,8,8,1.0
8,hawk-dove,0.1,123,8,8,8,1.0
8,hawk-dove,0.3,123,8,8,8,1.0
8,hawk-dove,0.5,123,8,8,5,1.0
8,hawk-dove,0.7,123,8,8,7,1.0
8,hawk-dove,0.9,123,8,8,8,1.0
8,hawk-dove,0.1,456,8,8,8,1.0
8,hawk-dove,0.3,456,8,8,7,1.0
8,hawk-dove,0.5,456,8,8,8,0.5061616161616161
8,hawk-dove,0.7,456,8,8,3,1.0
8,hawk-dove,0.9,456,8,8,8,1.0
8,hawk-dove,0.1,789,8,8,6,1.0
8,hawk-dove,0.3,789,8,8,7,1.0
8,hawk-dove,0.5,789,8,8,8,1.0
8,hawk-dove,0.7,789,8,8,8,1.0
8,hawk-dove,0.9,789,8,8,8,1.0
8,hawk-dove,0.1,1011,8,8,7,1.0
8,hawk-dove,0.3,1011,8,8,8,1.0
8,hawk-dove,0.5,1011,8,8,8,1.0
8,hawk-dove,0.7,1011,8,8,6,1.0
8,hawk-dove,0.9,1011,8,8,8,1.0
8,hawk-dove,0.1,1213,8,8,8,1.0
8,hawk-dove,0.3,1213,8,8,7,1.0
8,hawk-dove,0.5,1213,8,8,3,1.0
8,hawk-dove,0.7,1213,8,8,8,1.0
8,hawk-dove,0.9,1213,8,8,8,1.0
8,hawk-dove,0.1,1415,8,8,8,1.0
8,hawk-dove,0.3,1415,8,8,8,0.2960606060606061
8,hawk-dove,0.5,1415,8,8,6,1.0
8,hawk-dove,0.7,1415,8,8,8,1.0
8,hawk-dove,0.9,1415,8,8,8,1.0
8,hawk-dove,0.1,1617,8,8,8,0.10474747474747474
8,hawk-dove,0.3,1617,8,8,3,1.0
8,hawk-dove,0.5,1617,8,8,8,0.5007070707070707
8,hawk-dove,0.7,1617,8,8,8,1.0
8,hawk-dove,0.9,1617,8,8,8,1.0
8,hawk-dove,0.1,1819,8,8,8,0.8953535353535353
8,hawk-dove,0.3,1819,8,8,3,1.0
8,hawk-dove,0.5,1819,8,8,4,1.0
8,hawk-dove,0.7,1819,8,8,8,0.301010101010101
8,hawk-dove,0.9,1819,8,8,8,1.0
8,hawk-dove,0.1,2021,8,8,8,0.9005050505050505
8,hawk-dove,0.3,2021,8,8,8,1.0
8,hawk-dove,0.5,2021,8,8,7,1.0
8,hawk-dove,0.7,2021,8,8,8,1.0
8,hawk-dove,0.9,2021,8,8,8,1.0
8,prisoners-dilemma,0.1,789,8,8,7,1.0
8,prisoners-dilemma,0.3,789,8,8,7,1.0
8,prisoners-dilemma,0.5,789,8,8,3,1.0
8,prisoners-dilemma,0.7,789,8,8,8,0.6983838383838383
8,prisoners-dilemma,0.9,789,8,8,8,1.0
8,prisoners-dilemma,0.1,1011,8,8,8,1.0
8,prisoners-dilemma,0.3,1011,8,8,3,1.0
8,prisoners-dilemma,0.5,1011,8,8,8,1.0
8,prisoners-dilemma,0.7,1011,8,8,8,1.0
8,prisoners-dilemma,0.9,1011,8,8,7,1.0
8,prisoners-dilemma,0.1,1213,8,8,7,1.0
8,prisoners-dilemma,0.3,1213,8,8,8,1.0
8,prisoners-dilemma,0.5,1213,8,8,6,1.0
8,prisoners-dilemma,0.7,1213,8,8,8,1.0
8,prisoners-dilemma,0.9,1213,8,8,3,1.0
8,prisoners-dilemma,0.1,1415,8,8,8,1.0
8,prisoners-dilemma,0.3,1415,8,8,8,1.0
8,prisoners-dilemma,0.5,1415,8,8,6,1.0
8,prisoners-dilemma,0.7,1415,8,8,8,1.0
8,prisoners-dilemma,0.9,1415,8,8,8,1.0
8,prisoners-dilemma,0.1,1617,8,8,8,1.0
8,prisoners-dilemma,0.3,1617,8,8,8,1.0
8,prisoners-dilemma,0.5,1617,8,8,6,1.0
8,prisoners-dilemma,0.7,1617,8,8,6,1.0
8,prisoners-dilemma,0.9,1617,8,8,8,1.0
8,prisoners-dilemma,0.1,1819,8,8,7,1.0
8,prisoners-dilemma,0.3,1819,8,8,8,1.0
8,prisoners-dilemma,0.5,1819,8,8,7,1.0
8,prisoners-dilemma,0.7,1819,8,8,8,0.30626262626262624
8,prisoners-dilemma,0.9,1819,8,8,8,1.0
8,prisoners-dilemma,0.1,2021,8,8,8,1.0
8,prisoners-dilemma,0.3,2021,8,8,6,1.0
8,prisoners-dilemma,0.5,2021,8,8,7,1.0
8,prisoners-dilemma,0.7,2021,8,8,8,1.0
8,prisoners-dilemma,0.9,2021,8,8,8,1.0
4,prisoners-dilemma,0.1,42,4,4,3,1.0
4,prisoners-dilemma,0.3,42,4,4,3,1.0
4,prisoners-dilemma,0.5,42,4,4,3,1.0
4,prisoners-dilemma,0.7,42,4,4,4,1.0
4,prisoners-dilemma,0.9,42,4,4,3,1.0
4,prisoners-dilemma,0.1,123,4,4,4,1.0
4,prisoners-dilemma,0.3,123,4,4,4,0.305959595959596
4,prisoners-dilemma,0.5,123,4,4,4,1.0
4,prisoners-dilemma,0.7,123,4,4,4,1.0
4,prisoners-dilemma,0.9,123,4,4,4,1.0
4,stag-hunt,0.1,42,4,4,3,1.0
4,stag-hunt,0.3,42,4,4,4,1.0
4,stag-hunt,0.5,42,4,4,3,1.0
4,stag-hunt,0.7,42,4,4,3,1.0
4,stag-hunt,0.9,42,4,4,3,1.0
4,stag-hunt,0.1,123,4,4,4,1.0
4,stag-hunt,0.3,123,4,4,4,0.7013131313131313
4,stag-hunt,0.5,123,4,4,3,1.0
4,stag-hunt,0.7,123,4,4,4,0.7084848484848485
4,stag-hunt,0.9,123,4,4,4,0.0992929292929293
4,stag-hunt,0.1,456,4,4,3,1.0
4,stag-hunt,0.3,456,4,4,3,1.0
4,stag-hunt,0.5,456,4,4,3,1.0
4,stag-hunt,0.7,456,4,4,3,1.0
4,stag-hunt,0.9,456,4,4,4,1.0
4,stag-hunt,0.1,789,4,4,3,1.0
4,stag-hunt,0.3,789,4,4,3,1.0
4,stag-hunt,0.5,789,4,4,4,1.0
4,stag-hunt,0.7,789,4,4,3,1.0
4,stag-hunt,0.9,789,4,4,4,1.0
4,stag-hunt,0.1,1011,4,4,4,1.0
4,stag-hunt,0.3,1011,4,4,3,1.0
4,stag-hunt,0.5,1011,4,4,3,1.0
4,stag-hunt,0.7,1011,4,4,4,1.0
4,stag-hunt,0.9,1011,4,4,4,1.0
4,stag-hunt,0.1,1213,4,4,4,1.0
4,stag-hunt,0.3,1213,4,4,3,1.0
4,stag-hunt,0.5,1213,4,4,3,1.0
4,stag-hunt,0.7,1213,4,4,3,1.0
4,stag-hunt,0.9,1213,4,4,4,1.0
4,stag-hunt,0.1,1415,4,4,3,1.0
4,stag-hunt,0.3,1415,4,4,3,1.0
4,stag-hunt,0.5,1415,4,4,3,1.0
4,stag-hunt,0.7,1415,4,4,3,1.0
4,stag-hunt,0.9,1415,4,4,3,1.0
4,stag-hunt,0.1,1617,4,4,4,1.0
4,stag-hunt,0.3,1617,4,4,3,1.0
4,stag-hunt,0.5,1617,4,4,3,1.0
4,stag-hunt,0.7,1617,4,4,4,1.0
4,stag-hunt,0.9,1617,4,4,4,1.0
4,stag-hunt,0.1,1819,4,4,4,1.0
4,stag-hunt,0.3,1819,4,4,3,0.6990909090909091
4,stag-hunt,0.5,1819,4,4,3,1.0
4,stag-hunt,0.7,1819,4,4,4,1.0
4,stag-hunt,0.9,1819,4,4,4,1.0
4,stag-hunt,0.1,2021,4,4,4,1.0
4,stag-hunt,0.3,2021,4,4,3,1.0
4,stag-hunt,0.5,2021,4,4,3,1.0
4,stag-hunt,0.7,2021,4,4,3,1.0
4,stag-hunt,0.9,2021,4,4,4,1.0
4,prisoners-dilemma,0.1,456,4,4,4,1.0
4,prisoners-dilemma,0.3,456,4,4,4,1.0
4,prisoners-dilemma,0.5,456,4,4,3,1.0
4,prisoners-dilemma,0.7,456,4,4,4,0.705050505050505
4,prisoners-dilemma,0.9,456,4,4,4,1.0
4,hawk-dove,0.1,42,4,4,3,1.0
4,hawk-dove,0.3,42,4,4,4,1.0
4,hawk-dove,0.5,42,4,4,3,1.0
4,hawk-dove,0.7,42,4,4,3,1.0
4,hawk-dove,0.9,42,4,4,4,1.0
4,hawk-dove,0.1,123,4,4,4,1.0
4,hawk-dove,0.3,123,4,4,3,1.0
4,hawk-dove,0.5,123,4,4,4,1.0
4,hawk-dove,0.7,123,4,4,4,1.0
4,hawk-dove,0.9,123,4,4,4,1.0
4,hawk-dove,0.1,456,4,4,4,1.0
4,hawk-dove,0.3,456,4,4,3,1.0
4,hawk-dove,0.5,456,4,4,3,1.0
4,hawk-dove,0.7,456,4,4,3,1.0
4,hawk-dove,0.9,456,4,4,4,1.0
4,hawk-dove,0.1,789,4,4,4,1.0
4,hawk-dove,0.3,789,4,4,4,1.0
4,hawk-dove,0.5,789,4,4,4,1.0
4,hawk-dove,0.7,789,4,4,4,1.0
4,hawk-dove,0.9,789,4,4,3,1.0
4,hawk-dove,0.1,1011,4,4,4,1.0
4,hawk-dove,0.3,1011,4,4,4,1.0
4,hawk-dove,0.5,1011,4,4,3,1.0
4,hawk-dove,0.7,1011,4,4,4,1.0
4,hawk-dove,0.9,1011,4,4,3,1.0
4,hawk-dove,0.1,1213,4,4,3,1.0
4,hawk-dove,0.3,1213,4,4,4,1.0
4,hawk-dove,0.5,1213,4,4,3,1.0
4,hawk-dove,0.7,1213,4,4,3,1.0
4,hawk-dove,0.9,1213,4,4,3,1.0
4,hawk-dove,0.1,1415,4,4,3,1.0
4,hawk-dove,0.3,1415,4,4,4,0.0
4,hawk-dove,0.5,1415,4,4,3,1.0
4,hawk-dove,0.7,1415,4,4,4,1.0
4,hawk-dove,0.9,1415,4,4,4,1.0
4,hawk-dove,0.1,1617,4,4,4,0.8905050505050505
4,hawk-dove,0.3,1617,4,4,3,1.0
4,hawk-dove,0.5,1617,4,4,4,0.5041414141414141
4,hawk-dove,0.7,1617,4,4,3,1.0
4,hawk-dove,0.9,1617,4,4,3,1.0
4,hawk-dove,0.1,1819,4,4,4,1.0
4,hawk-dove,0.3,1819,4,4,3,1.0
4,hawk-dove,0.5,1819,4,4,3,1.0
4,hawk-dove,0.7,1819,4,4,4,0.702020202020202
4,hawk-dove,0.9,1819,4,4,3,1.0
4,hawk-dove,0.1,2021,4,4,4,1.0
4,hawk-dove,0.3,2021,4,4,3,1.0
4,hawk-dove,0.5,2021,4,4,4,1.0
4,hawk-dove,0.7,2021,4,4,4,1.0
4,hawk-dove,0.9,2021,4,4,3,1.0
4,prisoners-dilemma,0.1,789,4,4,4,1.0
4,prisoners-dilemma,0.3,789,4,4,3,1.0
4,prisoners-dilemma,0.5,789,4,4,3,1.0
4,prisoners-dilemma,0.7,789,4,4,3,1.0
4,prisoners-dilemma,0.9,789,4,4,4,1.0
4,prisoners-dilemma,0.1,1011,4,4,3,1.0
4,prisoners-dilemma,0.3,1011,4,4,3,1.0
4,prisoners-dilemma,0.5,1011,4,4,3,1.0
4,prisoners-dilemma,0.7,1011,4,4,3,1.0
4,prisoners-dilemma,0.9,1011,4,4,3,1.0
4,prisoners-dilemma,0.1,1213,4,4,4,1.0
4,prisoners-dilemma,0.3,1213,4,4,4,0.7032323232323232
4,prisoners-dilemma,0.5,1213,4,4,3,1.0
4,prisoners-dilemma,0.7,1213,4,4,4,1.0
4,prisoners-dilemma,0.9,1213,4,4,4,1.0
4,prisoners-dilemma,0.1,1415,4,4,4,1.0
4,prisoners-dilemma,0.3,1415,4,4,3,1.0
4,prisoners-dilemma,0.5,1415,4,4,4,0.5028282828282828
4,prisoners-dilemma,0.7,1415,4,4,4,1.0
4,prisoners-dilemma,0.9,1415,4,4,4,1.0
4,prisoners-dilemma,0.1,1617,4,4,4,1.0
4,prisoners-dilemma,0.3,1617,4,4,3,1.0
4,prisoners-dilemma,0.5,1617,4,4,3,1.0
4,prisoners-dilemma,0.7,1617,4,4,4,0.701010101010101
4,prisoners-dilemma,0.9,1617,4,4,4,1.0
4,prisoners-dilemma,0.1,1819,4,4,3,1.0
4,prisoners-dilemma,0.3,1819,4,4,3,1.0
4,prisoners-dilemma,0.5,1819,4,4,3,1.0
4,prisoners-dilemma,0.7,1819,4,4,4,0.302020202020202
4,prisoners-dilemma,0.9,1819,4,4,4,1.0
4,prisoners-dilemma,0.1,2021,4,4,4,1.0
4,prisoners-dilemma,0.3,2021,4,4,3,1.0
4,prisoners-dilemma,0.5,2021,4,4,4,1.0
4,prisoners-dilemma,0.7,2021,4,4,4,1.0
4,prisoners-dilemma,0.9,2021,4,4,3,1.0
2,prisoners-dilemma,0.1,42,2,2,2,1.0
2,prisoners-dilemma,0.3,42,2,2,2,1.0
2,prisoners-dilemma,0.5,42,2,2,2,1.0
2,prisoners-dilemma,0.7,42,2,2,2,1.0
2,prisoners-dilemma,0.9,42,2,2,2,1.0
2,prisoners-dilemma,0.1,123,2,2,2,1.0
2,prisoners-dilemma,0.3,123,2,2,2,0.6989
2,prisoners-dilemma,0.5,123,2,2,2,1.0
2,prisoners-dilemma,0.7,123,2,2,2,1.0
2,prisoners-dilemma,0.9,123,2,2,2,0.9038383838383839
2,stag-hunt,0.1,42,2,2,2,1.0
2,stag-hunt,0.3,42,2,2,2,1.0
2,stag-hunt,0.5,42,2,2,2,1.0
2,stag-hunt,0.7,42,2,2,2,1.0
2,stag-hunt,0.9,42,2,2,2,1.0
2,stag-hunt,0.1,123,2,2,2,1.0
2,stag-hunt,0.3,123,2,2,2,0.3067
2,stag-hunt,0.5,123,2,2,2,1.0
2,stag-hunt,0.7,123,2,2,2,0.7031313131313132
2,stag-hunt,0.9,123,2,2,2,0.10111111111111111
2,stag-hunt,0.1,456,2,2,2,1.0
2,stag-hunt,0.3,456,2,2,2,1.0
2,stag-hunt,0.5,456,2,2,2,1.0
2,stag-hunt,0.7,456,2,2,2,1.0
2,stag-hunt,0.9,456,2,2,2,1.0
2,stag-hunt,0.1,789,2,2,2,1.0
2,stag-hunt,0.3,789,2,2,2,1.0
2,stag-hunt,0.5,789,2,2,2,1.0
2,stag-hunt,0.7,789,2,2,2,1.0
2,stag-hunt,0.9,789,2,2,2,1.0
2,stag-hunt,0.1,1011,2,2,2,1.0
2,stag-hunt,0.3,1011,2,2,2,1.0
2,stag-hunt,0.5,1011,2,2,2,1.0
2,stag-hunt,0.7,1011,2,2,2,0.7068
2,stag-hunt,0.9,1011,2,2,2,1.0
2,stag-hunt,0.1,1213,2,2,2,1.0
2,stag-hunt,0.3,1213,2,2,2,0.3065
2,stag-hunt,0.5,1213,2,2,2,0.5007070707070707
2,stag-hunt,0.7,1213,2,2,2,1.0
2,stag-hunt,0.9,1213,2,2,2,1.0
2,stag-hunt,0.1,1415,2,2,2,1.0
2,stag-hunt,0.3,1415,2,2,2,1.0
2,stag-hunt,0.5,1415,2,2,2,1.0
2,stag-hunt,0.7,1415,2,2,2,1.0
2,stag-hunt,0.9,1415,2,2,2,1.0
2,stag-hunt,0.1,1617,2,2,2,1.0
2,stag-hunt,0.3,1617,2,2,2,1.0
2,stag-hunt,0.5,1617,2,2,2,1.0
2,stag-hunt,0.7,1617,2,2,2,1.0
2,stag-hunt,0.9,1617,2,2,2,1.0
2,stag-hunt,0.1,1819,2,2,2,1.0
2,stag-hunt,0.3,1819,2,2,2,1.0
2,stag-hunt,0.5,1819,2,2,2,1.0
2,stag-hunt,0.7,1819,2,2,2,1.0
2,stag-hunt,0.9,1819,2,2,2,1.0
2,stag-hunt,0.1,2021,2,2,2,1.0
2,stag-hunt,0.3,2021,2,2,2,1.0
2,stag-hunt,0.5,2021,2,2,2,1.0
2,stag-hunt,0.7,2021,2,2,2,1.0
2,stag-hunt,0.9,2021,2,2,2,1.0
2,prisoners-dilemma,0.1,456,2,2,2,1.0
2,prisoners-dilemma,0.3,456,2,2,2,1.0
2,prisoners-dilemma,0.5,456,2,2,2,1.0
2,prisoners-dilemma,0.7,456,2,2,2,1.0
2,prisoners-dilemma,0.9,456,2,2,2,1.0
2,hawk-dove,0.1,42,2,2,2,1.0
2,hawk-dove,0.3,42,2,2,2,1.0
2,hawk-dove,0.5,42,2,2,2,1.0
2,hawk-dove,0.7,42,2,2,2,1.0
2,hawk-dove,0.9,42,2,2,2,1.0
2,hawk-dove,0.1,123,2,2,2,1.0
2,hawk-dove,0.3,123,2,2,2,1.0
2,hawk-dove,0.5,123,2,2,2,1.0
2,hawk-dove,0.7,123,2,2,2,1.0
2,hawk-dove,0.9,123,2,2,2,1.0
2,hawk-dove,0.1,456,2,2,2,1.0
2,hawk-dove,0.3,456,2,2,2,1.0
2,hawk-dove,0.5,456,2,2,2,1.0
2,hawk-dove,0.7,456,2,2,2,1.0
2,hawk-dove,0.9,456,2,2,2,1.0
2,hawk-dove,0.1,789,2,2,2,1.0
2,hawk-dove,0.3,789,2,2,2,1.0
2,hawk-dove,0.5,789,2,2,2,1.0
2,hawk-dove,0.7,789,2,2,2,1.0
2,hawk-dove,0.9,789,2,2,2,1.0
2,hawk-dove,0.1,1011,2,2,2,1.0
2,hawk-dove,0.3,1011,2,2,2,1.0
2,hawk-dove,0.5,1011,2,2,2,1.0
2,hawk-dove,0.7,1011,2,2,2,1.0
2,hawk-dove,0.9,1011,2,2,2,1.0
2,hawk-dove,0.1,1213,2,2,2,1.0
2,hawk-dove,0.3,1213,2,2,2,1.0
2,hawk-dove,0.5,1213,2,2,2,1.0
2,hawk-dove,0.7,1213,2,2,2,1.0
2,hawk-dove,0.9,1213,2,2,2,1.0
2,hawk-dove,0.1,1415,2,2,2,1.0
2,hawk-dove,0.3,1415,2,2,2,0.309
2,hawk-dove,0.5,1415,2,2,2,1.0
2,hawk-dove,0.7,1415,2,2,2,1.0
2,hawk-dove,0.9,1415,2,2,2,1.0
2,hawk-dove,0.1,1617,2,2,2,0.903
2,hawk-dove,0.3,1617,2,2,2,1.0
2,hawk-dove,0.5,1617,2,2,2,1.0
2,hawk-dove,0.7,1617,2,2,2,1.0
2,hawk-dove,0.9,1617,2,2,2,1.0
2,hawk-dove,0.1,1819,2,2,2,1.0
2,hawk-dove,0.3,1819,2,2,2,1.0
2,hawk-dove,0.5,1819,2,2,2,1.0
2,hawk-dove,0.7,1819,2,2,2,0.7001
2,hawk-dove,0.9,1819,2,2,2,1.0
2,hawk-dove,0.1,2021,2,2,2,1.0
2,hawk-dove,0.3,2021,2,2,2,1.0
2,hawk-dove,0.5,2021,2,2,2,1.0
2,hawk-dove,0.7,2021,2,2,2,1.0
2,hawk-dove,0.9,2021,2,2,2,1.0
2,prisoners-dilemma,0.1,789,2,2,2,1.0
2,prisoners-dilemma,0.3,789,2,2,2,1.0
2,prisoners-dilemma,0.5,789,2,2,2,1.0
2,prisoners-dilemma,0.7,789,2,2,2,1.0
2,prisoners-dilemma,0.9,789,2,2,2,1.0
2,prisoners-dilemma,0.1,1011,2,2,2,1.0
2,prisoners-dilemma,0.3,1011,2,2,2,1.0
2,prisoners-dilemma,0.5,1011,2,2,2,1.0
2,prisoners-dilemma,0.7,1011,2,2,2,1.0
2,prisoners-dilemma,0.9,1011,2,2,2,1.0
2,prisoners-dilemma,0.1,1213,2,2,2,1.0
2,prisoners-dilemma,0.3,1213,2,2,2,0.7017
2,prisoners-dilemma,0.5,1213,2,2,2,1.0
2,prisoners-dilemma,0.7,1213,2,2,2,1.0
2,prisoners-dilemma,0.9,1213,2,2,2,1.0
2,prisoners-dilemma,0.1,1415,2,2,2,1.0
2,prisoners-dilemma,0.3,1415,2,2,2,1.0
2,prisoners-dilemma,0.5,1415,2,2,2,1.0
2,prisoners-dilemma,0.7,1415,2,2,2,1.0
2,prisoners-dilemma,0.9,1415,2,2,2,1.0
2,prisoners-dilemma,0.1,1617,2,2,2,1.0
2,prisoners-dilemma,0.3,1617,2,2,2,1.0
2,prisoners-dilemma,0.5,1617,2,2,2,1.0
2,prisoners-dilemma,0.7,1617,2,2,2,0.7082
2,prisoners-dilemma,0.9,1617,2,2,2,1.0
2,prisoners-dilemma,0.1,1819,2,2,2,1.0
2,prisoners-dilemma,0.3,1819,2,2,2,1.0
2,prisoners-dilemma,0.5,1819,2,2,2,1.0
2,prisoners-dilemma,0.7,1819,2,2,2,0.3016
2,prisoners-dilemma,0.9,1819,2,2,2,1.0
2,prisoners-dilemma,0.1,2021,2,2,2,1.0
2,prisoners-dilemma,0.3,2021,2,2,2,1.0
2,prisoners-dilemma,0.5,2021,2,2,2,1.0
2,prisoners-dilemma,0.7,2021,2,2,2,1.0
2,prisoners-dilemma,0.9,2021,2,2,2,1.0
