model_id,condition_id,train_game,train_opponent,seed,env_payoff_magnitude,env_round_magnitude,env_total,soc_opp_action,soc_agent_action,soc_agent_reward,soc_opp_reward,soc_total,social_ratio,var_env_payoff,var_env_round,var_soc_opp_action,var_soc_agent_action,var_soc_agent_reward,var_soc_opp_reward,var_env_total,var_soc_total,var_social_ratio,abl_env_payoff,abl_env_round,abl_soc_opp_action,abl_soc_agent_action,abl_soc_agent_reward,abl_soc_opp_reward
0,0,prisoners-dilemma,0.1,0,2.6872799396514893,2.944135904312134,5.631415843963623,2.9543983936309814,2.192073345184326,2.365060329437256,3.2494468688964844,10.760978937149048,0.6564616751145999,0.10479769110679626,0.06861840188503265,0.748433530330658,0.2688790261745453,0.23012308776378632,0.46992677450180054,0.17341609299182892,1.71736241877079,0.9082832325875296,0.0003109081299044192,0.0002211206592619419,5.727279494749382e-05,2.027344180532964e-06,0.00018148758681491017,4.9470421799924225e-05
0,0,prisoners-dilemma,0.1,1,2.684880495071411,2.778745412826538,5.463625907897949,2.4904909133911133,2.4300827980041504,2.908940553665161,2.7205073833465576,10.550021648406982,0.6588144026095543,0.05208830162882805,0.015520477667450905,0.7646079063415527,0.28208407759666443,0.124561607837677,0.4922359585762024,0.06760877929627895,1.6634895503520966,0.9609445759733292,0.00035084030241705477,0.000631332746706903,0.00018188984540756792,4.4598586100619286e-05,0.00044707334018312395,0.0001620290568098426
0,0,prisoners-dilemma,0.1,2,2.6278717517852783,2.4410059452056885,5.068877696990967,3.050232172012329,2.6276614665985107,2.451139211654663,2.5793588161468506,10.708391666412354,0.6787227510516713,0.13404306769371033,0.016810180619359016,0.8690659403800964,0.27573856711387634,0.23974913358688354,0.51755690574646,0.15085324831306934,1.9021105468273163,0.9265192846215031,0.00047206407180055976,0.0004538074426818639,7.330338848987594e-05,2.1120300516486168e-05,0.0006932577816769481,0.00012403687287587672
0,0,prisoners-dilemma,0.1,3,2.3550546169281006,2.265538215637207,4.620592832565308,2.843581199645996,2.731647253036499,2.702101469039917,2.8578014373779297,11.135131359100342,0.70673561073064,0.13831472396850586,0.06398215889930725,0.9499598145484924,0.19582249224185944,0.2224307805299759,0.4676803946495056,0.2022968828678131,1.8358934819698334,0.9007468162160961,0.0009211472352035344,0.0006582567584700882,0.0002592572127468884,4.0202045056503266e-05,0.0003886260965373367,0.0001893085427582264
0,0,prisoners-dilemma,0.1,4,2.7613425254821777,2.7014615535736084,5.462804079055786,2.8585045337677,2.1122066974639893,2.524911403656006,2.568007230758667,10.063629865646362,0.6481610588425054,0.15974250435829163,0.1011379137635231,0.8510156273841858,0.2327246218919754,0.18187828361988068,0.3767828941345215,0.26088041812181473,1.6424014270305634,0.8629312737962209,0.0003390961792320013,0.00025401628226973116,0.00010202929115621373,1.533301292511169e-05,0.00041123066330328584,0.0001419426844222471
10,10,stag-hunt,0.1,0,2.6695971488952637,2.9448230266571045,5.614420175552368,3.064213275909424,2.195553779602051,2.389533281326294,3.1544291973114014,10.80372953414917,0.6580357546481143,0.14154383540153503,0.05806665122509003,0.8473798632621765,0.25360608100891113,0.37462276220321655,0.08834360539913177,0.19961048662662506,1.563952311873436,0.886814075009749,0.00018276255286764354,0.000373954011593014,0.00014285520592238754,2.8166166430310113e-06,0.00035061329253949225,0.0002762169169727713
10,10,stag-hunt,0.1,1,2.7031760215759277,2.7741878032684326,5.47736382484436,2.488752841949463,2.479844093322754,2.9056713581085205,2.6784162521362305,10.552684545516968,0.6583064693072478,0.05261656269431114,0.014183924533426762,0.9022237658500671,0.35016506910324097,0.39978450536727905,0.12677624821662903,0.0668004872277379,1.7789495885372162,0.9638084873435245,5.085919110570103e-05,0.00017853644385468215,6.723776459693909e-05,7.403401014016708e-06,5.7897090300684795e-05,0.00014461425598710775
10,10,stag-hunt,0.1,2,2.6116411685943604,2.437235116958618,5.0488762855529785,3.070037841796875,2.6441690921783447,2.4517595767974854,2.5618278980255127,10.727794408798218,0.6799783437604032,0.1460898220539093,0.0014569221530109644,0.9771723747253418,0.22374816238880157,0.45181506872177124,0.24820920825004578,0.14754674420692027,1.9009448140859604,0.9279729791369612,8.659575541969389e-05,0.0005073060747236013,0.00016904530639294535,5.079037691757549e-06,0.000693868612870574,0.0003621037758421153
10,10,stag-hunt,0.1,3,2.3388216495513916,2.260310411453247,4.599132061004639,2.803302049636841,2.6851484775543213,2.707242488861084,2.8451437950134277,11.040836811065674,0.7059372624955975,0.15350396931171417,0.06581079214811325,0.965522289276123,0.28280016779899597,0.35223671793937683,0.28965696692466736,0.21931476145982742,1.8902161419391632,0.896036241466548,0.00022300734417513013,0.00045413291081786156,0.00017484123236499727,2.0793000658159144e-05,0.0006232694140635431,0.0005089471815153956
10,10,stag-hunt,0.1,4,2.783700466156006,2.694031000137329,5.477731466293335,2.8497800827026367,2.1076440811157227,2.531766414642334,2.5743417739868164,10.06353235244751,0.6475362924032042,0.17738716304302216,0.04538758471608162,0.8337146043777466,0.4893049895763397,0.26373687386512756,0.2245943695306778,0.22277474775910378,1.8113508373498917,0.8904813206274249,0.003034945810213685,0.0022834711708128452,0.003962945193052292,3.728665251401253e-05,0.003949068021029234,0.0036854285281151533
11,11,stag-hunt,0.3,0,2.6769280433654785,2.958054780960083,5.6349828243255615,2.9852724075317383,2.2045204639434814,2.3810741901397705,3.1604676246643066,10.731334686279297,0.6556963519329092,0.12590444087982178,0.00813288800418377,0.6271950006484985,0.41747620701789856,0.3306448459625244,0.14828383922576904,0.13403732888400555,1.5235998928546906,0.9191395275599484,0.0012756757205352187,0.0015051636146381497,0.0004031099088024348,0.000257034640526399,0.0013560662046074867,0.0017935127252712846
11,11,stag-hunt,0.3,1,2.711785316467285,2.7828452587127686,5.494630575180054,2.504732608795166,2.4770777225494385,2.9095935821533203,2.6768054962158203,10.568209409713745,0.6579290722968388,0.05716388672590256,0.006839095149189234,0.6240923404693604,0.4799748361110687,0.2459591031074524,0.24752777814865112,0.06400298187509179,1.5975540578365326,0.9614801175371024,8.332261495525017e-05,0.00023949044407345355,0.00013011832197662443,3.2902389648370445e-05,0.0002088925102725625,0.00016207780572585762
11,11,stag-hunt,0.3,2,2.627412796020508,2.4212114810943604,5.048624277114868,3.0014591217041016,2.6766390800476074,2.4409196376800537,2.5823869705200195,10.701404809951782,0.6794530188353357,0.1504681408405304,0.09510646015405655,0.6673546433448792,0.48910486698150635,0.3797118663787842,0.32693642377853394,0.24557460099458694,1.8631078004837036,0.8835412099885563,0.00010389715316705406,0.0006957248551771045,0.00012226338731124997,3.080179885728285e-05,0.0007830468821339309,0.00047712260857224464
11,11,stag-hunt,0.3,3,2.356801748275757,2.267099142074585,4.623900890350342,2.7234950065612793,2.709407329559326,2.702531099319458,2.849943161010742,10.985376596450806,0.703772266572863,0.13257938623428345,0.03040582500398159,0.6786839365959167,0.40016645193099976,0.27281448245048523,0.23467367887496948,0.16298521123826504,1.5863385498523712,0.9068295904603445,0.0004504802927840501,0.0008175791008397937,0.00033372314646840096,0.00019056739984080195,0.0009137599263340235,0.0007989791920408607
11,11,stag-hunt,0.3,4,2.789222478866577,2.702726364135742,5.491948843002319,2.751511335372925,2.0977513790130615,2.525393486022949,2.5757358074188232,9.950392007827759,0.6443577501589011,0.17442138493061066,0.059835899621248245,0.6175599098205566,0.33243289589881897,0.27706092596054077,0.26337167620658875,0.2342572845518589,1.4904254078865051,0.8641736908598155,0.0025933575816452503,0.002177674788981676,0.0026129717007279396,9.714332554722205e-05,0.002024747198447585,0.00204311846755445
12,12,stag-hunt,0.5,0,2.6733007431030273,2.945564031600952,5.6188647747039795,2.9833884239196777,2.210073232650757,2.3670897483825684,3.169106960296631,10.729658365249634,0.6563075008914889,0.1323767602443695,0.03592101112008095,0.5216205716133118,0.17694346606731415,0.11531086266040802,0.1395852118730545,0.16829777136445045,0.9534601122140884,0.84996961124306,1.324117135936831e-07,3.9041040622578294e-08,5.254000370769063e-06,2.083420667986502e-06,1.0779500314583856e-07,5.261898081698746e-07
12,12,stag-hunt,0.5,1,2.7101144790649414,2.7812185287475586,5.4913330078125,2.5570271015167236,2.48437762260437,2.914447784423828,2.6768105030059814,10.632663011550903,0.6594310119391046,0.06492990255355835,0.01311151310801506,0.5256970524787903,0.09577308595180511,0.1493615359067917,0.2667675316333771,0.07804141566157341,1.0375992059707642,0.9300478898416338,0.0010767497587949038,0.003685146337375045,0.002843936439603567,0.000538508640602231,0.00163358636200428,0.0020912839099764824
12,12,stag-hunt,0.5,2,2.6002821922302246,2.437373638153076,5.037655830383301,2.9987783432006836,2.6521828174591064,2.442962884902954,2.5533270835876465,10.64725112915039,0.6788214400391274,0.1671079397201538,0.006651914678514004,0.2107354998588562,0.14716510474681854,0.1755685955286026,0.19770409166812897,0.1737598543986678,0.7311732918024063,0.8079859765021152,0.0002440060634398833,0.000853673554956913,2.7665220841299742e-05,3.1999952625483274e-05,0.0010328006464987993,0.00041948279249481857
12,12,stag-hunt,0.5,3,2.3425214290618896,2.2685556411743164,4.611077070236206,2.739866256713867,2.6997504234313965,2.7005794048309326,2.849287509918213,10.98948359489441,0.7044287593751298,0.14337530732154846,0.03983661159873009,0.5447598695755005,0.37026265263557434,0.20646364986896515,0.3429086208343506,0.18321191892027855,1.4643947929143906,0.8888011819785163,4.236102029153699e-07,1.6204417079279665e-06,4.5412778604259074e-07,2.541542016842868e-07,9.378492791256576e-07,7.739067200418503e-07
12,12,stag-hunt,0.5,4,2.787292957305908,2.707058906555176,5.494351863861084,2.7548303604125977,2.1111364364624023,2.523070812225342,2.560112237930298,9.94914984703064,0.6442288823663532,0.16500407457351685,0.033463552594184875,0.6313980221748352,0.21398760378360748,0.23072421550750732,0.16010233759880066,0.19846762716770172,1.2362121790647507,0.8616641662442517,-6.109476036186834e-09,3.948807858478176e-08,2.8833747478529403e-07,1.0937452721293539e-08,2.8610229740877458e-09,1.3113021779531664e-08
13,13,stag-hunt,0.7,0,2.6731269359588623,2.943612575531006,5.616739511489868,2.998990058898926,2.206308603286743,2.370082139968872,3.1592886447906494,10.73466944694519,0.6564981326216289,0.1392972618341446,0.02896982803940773,0.15334312617778778,0.1599123775959015,0.08227095752954483,0.09147538989782333,0.16826708987355232,0.48700185120105743,0.7432091171640116,7.461158384103328e-05,8.216830610763282e-05,2.2881608856550884e-06,1.6033353631428326e-06,0.0001083739407476969,7.22847762517631e-05
13,13,stag-hunt,0.7,1,2.69566011428833,2.7725753784179688,5.468235492706299,2.5852692127227783,2.5059170722961426,2.905325412750244,2.6686229705810547,10.66513466835022,0.6610605572104346,0.08016657829284668,0.007019128650426865,0.21099433302879333,0.35583528876304626,0.1858106255531311,0.07205072045326233,0.08718570694327354,0.824690967798233,0.9043887080805215,3.547741653164849e-05,0.00010016759188147262,8.717584591977356e-07,3.9584942896908615e-06,3.037329952348955e-05,7.298166019609198e-05
13,13,stag-hunt,0.7,2,2.6038947105407715,2.438030481338501,5.0419251918792725,2.9986894130706787,2.6514246463775635,2.4425530433654785,2.555712938308716,10.648380041122437,0.6786598401365387,0.1632268875837326,0.005964925512671471,0.18999768793582916,0.18520937860012054,0.16089805960655212,0.13540790975093842,0.16919181309640408,0.6715130358934402,0.7987500449180258,0.00027081495500169694,0.0009581239428371191,1.2126591173000634e-05,1.8710836229729466e-05,0.0009707695571705699,0.0004763260076288134
13,13,stag-hunt,0.7,3,2.3279495239257812,2.2510437965393066,4.578993320465088,2.7078051567077637,2.694732189178467,2.700329065322876,2.8432118892669678,10.946078300476074,0.7050581515972743,0.17743362486362457,0.03258602321147919,0.20039020478725433,0.2725580334663391,0.23414285480976105,0.15529672801494598,0.21001964807510376,0.8623878210783005,0.8041605881009943,2.637186298670713e-05,5.5499287554994226e-05,4.807876052836946e-07,4.275963419786422e-06,2.9875680411350913e-05,2.6478572181076743e-05
13,13,stag-hunt,0.7,4,2.7777626514434814,2.6996500492095947,5.477412700653076,2.805917263031006,2.0906314849853516,2.522784948348999,2.566663980484009,9.985997676849365,0.645782361915318,0.1777442991733551,0.027767278254032135,0.2269892394542694,0.23671527206897736,0.09139885008335114,0.13750365376472473,0.20551157742738724,0.6926070153713226,0.7711754560308414,3.602650394896045e-05,3.651086808531545e-05,2.1817750166519545e-06,1.366453602713591e-06,7.597154035465792e-05,3.2890595321077853e-05
14,14,stag-hunt,0.9,0,2.678164482116699,2.9419331550598145,5.620097637176514,2.99558162689209,2.1972298622131348,2.3685996532440186,3.1604342460632324,10.721845388412476,0.6560936708458536,0.13731664419174194,0.023665226995944977,0.10746388137340546,0.35464978218078613,0.07715470343828201,0.10014919191598892,0.16098187118768692,0.6394175589084625,0.7988730811960365,0.0001404834329150617,0.0001700333959888667,1.8880703009926947e-06,4.976793206878938e-06,0.00039807570283301175,0.00014382231165654957
14,14,stag-hunt,0.9,1,2.693819284439087,2.7735061645507812,5.467325448989868,2.5830273628234863,2.4889798164367676,2.9061789512634277,2.6713075637817383,10.64949369430542,0.6607689519638051,0.07402583211660385,0.0029832376167178154,0.15222647786140442,0.2579195499420166,0.174417182803154,0.07816189527511597,0.07700906973332167,0.662725105881691,0.895896293193029,0.0001417248568031937,0.0003667031123768538,3.2575312047811167e-07,6.5597760112723336e-06,0.00015520221495535225,0.00023510227038059384
14,14,stag-hunt,0.9,2,2.606208562850952,2.4379608631134033,5.0441694259643555,2.9989240169525146,2.656687021255493,2.4411234855651855,2.5567116737365723,10.653446197509766,0.6786665219129627,0.1621522456407547,0.006818207446485758,0.18379582464694977,0.24586720764636993,0.1536928415298462,0.07416015863418579,0.16897045308724046,0.6575160324573517,0.7955556974704775,0.00010043055226560682,0.00033375885686837137,1.0908886451943545e-06,6.514038886962226e-06,0.00037192393210716546,0.00023953232448548079
14,14,stag-hunt,0.9,3,2.338965654373169,2.2479634284973145,4.586929082870483,2.701920986175537,2.7445037364959717,2.700287342071533,2.8420569896698,10.988769054412842,0.7055073202856431,0.16429105401039124,0.021390389651060104,0.27395567297935486,0.21126945316791534,0.15228737890720367,0.16117127239704132,0.18568144366145134,0.7986837774515152,0.8113693579589172,0.00039936829125508666,0.0006902666063979268,4.92378694616491e-06,4.007169627584517e-05,0.0006587581592611969,0.0006154196453280747
14,14,stag-hunt,0.9,4,2.7860660552978516,2.6988332271575928,5.484899282455444,2.8062734603881836,2.1051371097564697,2.523709535598755,2.5668277740478516,10.00194787979126,0.6458349963040676,0.18373067677021027,0.028681090101599693,0.21879148483276367,0.2982098460197449,0.1082349419593811,0.09360677003860474,0.21241176687180996,0.7188430428504944,0.7719080055703013,5.426140887720976e-07,7.354494755418273e-07,3.087350464170413e-08,5.198354813273909e-08,9.921838000082062e-07,5.520844297279837e-07
1,1,prisoners-dilemma,0.3,0,2.6862807273864746,2.947913885116577,5.634194612503052,2.9882454872131348,2.19797682762146,2.363642454147339,3.193971872329712,10.743836641311646,0.6559907277505799,0.10726644098758698,0.00457660760730505,0.6006747484207153,0.40732887387275696,0.07593312859535217,0.24293895065784454,0.11184304859489202,1.326875701546669,0.9222620483788876,0.0001462817017454654,5.550549030886032e-05,6.037605999154039e-05,4.526581051322864e-06,7.09780870238319e-05,2.0418498024810106e-05
1,1,prisoners-dilemma,0.3,1,2.6866445541381836,2.7778310775756836,5.464475631713867,2.5635316371917725,2.4459621906280518,2.9042434692382812,2.6848301887512207,10.598567485809326,0.6598106852024406,0.05408124625682831,0.012886364944279194,0.3780493140220642,0.32658934593200684,0.08794890344142914,0.47161996364593506,0.0669676112011075,1.2642075270414352,0.9496928621356915,0.0005991837824694812,0.0009691601153463125,0.0003075068525504321,0.00013390336243901402,0.00043941393960267305,0.00030638457974419
1,1,prisoners-dilemma,0.3,2,2.6256802082061768,2.4350507259368896,5.060730934143066,2.9591403007507324,2.6352081298828125,2.4491987228393555,2.56242299079895,10.60597014427185,0.6769753307468424,0.13536636531352997,0.02403244748711586,0.6730022430419922,0.2592567801475525,0.09171675145626068,0.33198514580726624,0.15939881280064583,1.3559609204530716,0.8948112390063373,0.00014974981604609638,0.00020113623759243637,5.724747461499646e-05,3.757373269763775e-05,0.00014800831559114158,3.8608061004197225e-05
1,1,prisoners-dilemma,0.3,3,2.348094940185547,2.2536354064941406,4.6017303466796875,2.734905481338501,2.7371206283569336,2.7067666053771973,2.8432681560516357,11.022060871124268,0.7054664720918808,0.14472678303718567,0.04366786777973175,0.6478258967399597,0.23093123733997345,0.19330735504627228,0.27833476662635803,0.18839465081691742,1.3503992557525635,0.8775699266726913,0.0005567178595811129,0.0004402159829623997,0.00015729480946902186,3.8072852476034313e-05,0.0005254675052128732,0.00031536060851067305
1,1,prisoners-dilemma,0.3,4,2.7953579425811768,2.704710006713867,5.500067949295044,2.774794101715088,2.1115658283233643,2.538221836090088,2.5796680450439453,10.004249811172485,0.6452557259037246,0.1419103741645813,0.01057451218366623,0.5584015846252441,0.23719973862171173,0.09007690846920013,0.21351046860218048,0.15248488634824753,1.0991887003183365,0.8781751984122791,0.00017670035595074296,9.303058322984725e-05,0.00022199650993570685,1.2280935152375605e-05,0.0002320445200894028,0.00018197912140749395
2,2,prisoners-dilemma,0.5,0,2.6862449645996094,2.942254066467285,5.6284990310668945,2.987802028656006,2.194037437438965,2.3665599822998047,3.1735920906066895,10.721991539001465,0.6557596234225184,0.10926294326782227,0.015816928818821907,0.5960364937782288,0.1863141804933548,0.15405404567718506,0.2547345757484436,0.12507987208664417,1.1911392956972122,0.9049703308171362,0.00010328800999559462,4.349546361481771e-05,2.820624467858579e-05,5.053077074990142e-06,4.047197217005305e-05,2.063024658127688e-05
2,2,prisoners-dilemma,0.5,1,2.6895720958709717,2.7728846073150635,5.462456703186035,2.5703823566436768,2.4051382541656494,2.9107749462127686,2.6760096549987793,10.562305212020874,0.65912400246007,0.04708286002278328,0.009000099264085293,0.2682037353515625,0.33496198058128357,0.026075033470988274,0.42428743839263916,0.05608295928686857,1.0535281877964735,0.949457105370395,9.431916259927675e-05,0.00011425719276303425,4.302009620005265e-05,4.613948840415105e-05,2.7384097847971134e-05,9.359214163850993e-05
2,2,prisoners-dilemma,0.5,2,2.635716438293457,2.437528371810913,5.07324481010437,2.9850540161132812,2.6197562217712402,2.4382755756378174,2.5647244453430176,10.607810258865356,0.6764729931888638,0.1433144509792328,0.0032050886657088995,0.5624255537986755,0.27281755208969116,0.19562271237373352,0.36413875222206116,0.1465195396449417,1.3950045704841614,0.9049515095598014,0.00018933582759927958,0.00023842685914132744,4.890646960120648e-05,6.455901166191325e-05,0.0003700222005136311,3.522179395076819e-05
2,2,prisoners-dilemma,0.5,3,2.3463099002838135,2.2585339546203613,4.604843854904175,2.7231645584106445,2.749417304992676,2.7068817615509033,2.846250295639038,11.025713920593262,0.7053947836639101,0.14166443049907684,0.024980664253234863,0.6374946236610413,0.19965970516204834,0.15735705196857452,0.3697161078453064,0.1666450947523117,1.3642274886369705,0.8911437198885834,0.0006678447243757546,0.0005432757316157222,0.00017207070777658373,5.60609478270635e-05,0.0004892427241429687,0.0003407954645808786
2,2,prisoners-dilemma,0.5,4,2.7829599380493164,2.705476760864258,5.488436698913574,2.7821550369262695,2.0663018226623535,2.523681402206421,2.576956033706665,9.949094295501709,0.644474449903998,0.14666059613227844,0.061008237302303314,0.607382595539093,0.17502114176750183,0.12390054017305374,0.37420427799224854,0.20766883343458176,1.2805085554718971,0.8604542476033868,0.0006306403665803373,0.00020632456289604306,0.000265920942183584,8.244001946877688e-05,0.0003945683711208403,0.0003222313243895769
3,3,prisoners-dilemma,0.7,0,2.6777279376983643,2.9330034255981445,5.610731363296509,3.0150411128997803,2.187467336654663,2.3697991371154785,3.1803345680236816,10.752642154693604,0.657116464576941,0.10735376924276352,0.07914713770151138,0.6555816531181335,0.18655945360660553,0.11944197118282318,0.29334336519241333,0.1865009069442749,1.2549264430999756,0.8706137309393016,0.0004798376467078924,0.00031110120471566916,0.000191343788173981,3.179474515491165e-05,0.00023710051027592272,0.00021171745902393013
3,3,prisoners-dilemma,0.7,1,2.705641031265259,2.775676727294922,5.481317758560181,2.6020724773406982,2.432096004486084,2.91316294670105,2.684462785720825,10.631794214248657,0.6598225241772041,0.042097266763448715,0.0285089872777462,0.6643069982528687,0.1752496063709259,0.14062407612800598,0.4430496096611023,0.07060625404119492,1.4232302904129028,0.9527349532963816,0.000775386521127075,0.0011803915258497,0.0009028793429024518,0.0004271369252819568,0.00020668968500103801,0.0015474490355700254
3,3,prisoners-dilemma,0.7,2,2.6311514377593994,2.438666343688965,5.069817781448364,3.0085275173187256,2.6472957134246826,2.4459829330444336,2.569561243057251,10.671367406845093,0.6779265524924558,0.1316695511341095,0.015715131536126137,0.5420438051223755,0.2296675443649292,0.09804461896419525,0.40578189492225647,0.14738468267023563,1.2755378633737564,0.8964211487968938,0.0011414455948397517,0.0005862409016117454,0.0007067126571200788,0.0008837407222017646,0.0013572468888014555,0.0013320300495252013
3,3,prisoners-dilemma,0.7,3,2.3452024459838867,2.247746467590332,4.592948913574219,2.7140955924987793,2.734952449798584,2.705899238586426,2.8417744636535645,10.996721744537354,0.705385122348019,0.14184260368347168,0.04942233860492706,0.6156428456306458,0.48829877376556396,0.20561929047107697,0.28248992562294006,0.19126494228839874,1.5920508354902267,0.8927475746742697,0.0006094248383305967,0.00027073273668065667,0.0003338336537126452,0.00019977120973635465,0.00010622237459756434,0.0004070224822498858
3,3,prisoners-dilemma,0.7,4,2.77878475189209,2.7010436058044434,5.479828357696533,2.830850124359131,1.9846858978271484,2.530003070831299,2.58415150642395,9.929690599441528,0.6443867992934235,0.14630582928657532,0.06650463491678238,0.7080414891242981,0.17029507458209991,0.18318909406661987,0.38971710205078125,0.2128104642033577,1.4512427598237991,0.8721131865672317,0.00036795708001591265,0.00019473538850434124,0.00031849820516072214,8.429522858932614e-05,0.00021714234026148915,0.00019264900765847415
4,4,prisoners-dilemma,0.9,0,2.6821558475494385,2.9402589797973633,5.622414827346802,3.0289041996002197,2.193695306777954,2.368511915206909,3.1726410388946533,10.763752460479736,0.6568804206262586,0.10953731834888458,0.0555785708129406,0.8567196726799011,0.3366515636444092,0.15044867992401123,0.362032949924469,0.16511588916182518,1.7058528661727905,0.9117484518696333,0.00033994094701483846,0.00019273944781161845,7.515011384384707e-05,6.864003353257431e-06,0.00030101119773462415,0.00017625291366130114
4,4,prisoners-dilemma,0.9,1,2.686173915863037,2.772078037261963,5.458251953125,2.644618272781372,2.444166660308838,2.9198055267333984,2.7027528285980225,10.71134328842163,0.6624373169774586,0.06326818466186523,0.01975250616669655,0.7482249140739441,0.2873387634754181,0.07475293427705765,0.48389315605163574,0.08302069082856178,1.5942097678780556,0.9505013217488415,5.424979462986812e-05,4.579721644404344e-05,1.0533008207858074e-05,4.17880755776423e-06,3.487756839604117e-05,7.138025102904066e-05
4,4,prisoners-dilemma,0.9,2,2.6261374950408936,2.438398838043213,5.0645363330841064,3.04901123046875,2.6632659435272217,2.436678409576416,2.566251754760742,10.71520733833313,0.6790482508117166,0.13713403046131134,0.015597738325595856,0.8922238349914551,0.41281336545944214,0.24819737672805786,0.3929749131202698,0.1527317687869072,1.9462094902992249,0.9272339003648888,0.0006297521758824587,0.00037928431993350387,0.0002591610827948898,3.977496817242354e-05,0.00017223447503056377,0.00034749676706269383
4,4,prisoners-dilemma,0.9,3,2.3528707027435303,2.2587413787841797,4.61161208152771,2.698918342590332,2.787479877471924,2.703437328338623,2.8597092628479004,11.04954481124878,0.7055382234466498,0.14042146503925323,0.08256731927394867,0.7259563207626343,0.16876094043254852,0.11141395568847656,0.44054821133613586,0.2229887843132019,1.4466794282197952,0.8664472482380717,7.454212027369067e-05,5.7733133871806785e-05,3.186154208378866e-05,6.829820449638646e-06,5.34947648702655e-05,5.3415373258758336e-05
4,4,prisoners-dilemma,0.9,4,2.780916690826416,2.699777841567993,5.480694532394409,2.8051986694335938,2.0841362476348877,2.525083065032959,2.5798234939575195,9.99424147605896,0.6458341068809258,0.14944319427013397,0.039221931248903275,0.9091348052024841,0.1253792643547058,0.20367951691150665,0.29099276661872864,0.18866512551903725,1.5291863530874252,0.8901737851795638,2.058639211099944e-06,2.1602581909974106e-06,9.198653287967318e-07,1.4852983554192178e-07,1.7383729300490813e-06,9.916539056575857e-07
5,5,hawk-dove,0.1,0,2.6869077682495117,2.9425418376922607,5.6294496059417725,2.965162992477417,2.1923093795776367,2.3691582679748535,3.1810219287872314,10.707652568817139,0.6554193304465363,0.12647497653961182,0.046341221779584885,0.4884001910686493,0.3743557333946228,0.23334042727947235,0.13626164197921753,0.1728161983191967,1.232357993721962,0.8770143948714546,6.623645458603278e-05,0.0004325286136008799,6.479080184362829e-05,1.2463065104384441e-05,0.0008708054665476084,0.0008823568932712078
5,5,hawk-dove,0.1,1,2.698117256164551,2.778263568878174,5.476380825042725,2.5694212913513184,2.447235584259033,2.9145753383636475,2.7186295986175537,10.649861812591553,0.6604056538091312,0.03394125774502754,0.013470224104821682,0.5810428261756897,0.29617345333099365,0.21543987095355988,0.26472631096839905,0.047411481849849224,1.3573824614286423,0.9662502233322555,0.0002338233171030879,0.0005871175671927631,0.0001798845041776076,0.000141247219289653,0.0006439254502765834,0.0004674212832469493
5,5,hawk-dove,0.1,2,2.608168840408325,2.4398558139801025,5.048024654388428,3.0151069164276123,2.6695876121520996,2.453193426132202,2.648686408996582,10.786574363708496,0.6812028742490303,0.14071118831634521,0.00952294934540987,0.6715078949928284,0.17982570827007294,0.34755510091781616,0.2842915952205658,0.15023413766175508,1.4831802994012833,0.9080244827933053,0.00022329980856738985,0.0005025050486437976,8.729331602808088e-05,8.509051440341864e-06,0.0006899112486280501,0.00019876995065715164
5,5,hawk-dove,0.1,3,2.342926502227783,2.254512310028076,4.597438812255859,2.7428104877471924,2.7430760860443115,2.687826156616211,2.8924787044525146,11.06619143486023,0.7064895723580862,0.12604402005672455,0.07812291383743286,0.7474503517150879,0.17550110816955566,0.28414463996887207,0.15977022051811218,0.2041669338941574,1.3668663203716278,0.8700428948020111,9.289391891798005e-05,0.000190000981092453,5.47973504581023e-05,7.027203537290916e-05,0.0005353368469513953,0.0002324966189917177
5,5,hawk-dove,0.1,4,2.793489694595337,2.6999104022979736,5.4934000968933105,2.8278260231018066,2.1155009269714355,2.5241293907165527,2.5614640712738037,10.028920412063599,0.6460967228628328,0.19401584565639496,0.028701195493340492,0.5571120381355286,0.17787683010101318,0.12217210233211517,0.15832310914993286,0.22271704114973545,1.0154840797185898,0.8201285418046234,2.5302256290160585e-06,0.00016920201596803963,1.958054053829983e-05,2.3571828933199868e-06,0.0004358031728770584,0.00019253266509622335
6,6,hawk-dove,0.3,0,2.6877665519714355,2.947307586669922,5.635074138641357,2.923398733139038,2.196443557739258,2.3736419677734375,3.199779510498047,10.69326376914978,0.6548899116086667,0.13706617057323456,0.05032435432076454,0.58509361743927,0.32108399271965027,0.15711362659931183,0.22797641158103943,0.1873905248939991,1.2912676483392715,0.8732698819198718,0.00024577853037044406,0.0016511689173057675,0.00036011863267049193,7.397983426926658e-05,0.001538044773042202,0.0008027742151170969
6,6,hawk-dove,0.3,1,2.701536178588867,2.7810516357421875,5.482587814331055,2.5654735565185547,2.4294803142547607,2.9305598735809326,2.6881959438323975,10.613709688186646,0.6593882653154556,0.03921881318092346,0.05109037086367607,0.2307174801826477,0.10538981854915619,0.16946637630462646,0.14272253215312958,0.09030918404459953,0.6482962071895599,0.877730131520298,0.00012123717897338793,0.00022576631454285234,4.2960844439221546e-05,7.669162732781842e-05,0.00017845904221758246,0.00017781401402316988
6,6,hawk-dove,0.3,2,2.609649181365967,2.4419443607330322,5.051593542098999,2.964244842529297,2.6458027362823486,2.4548678398132324,2.550253391265869,10.615168809890747,0.6775598283421064,0.13965089619159698,0.01308683305978775,0.4167709946632385,0.22799570858478546,0.2919999659061432,0.24503959715366364,0.15273772925138474,1.1818062663078308,0.8855506227148526,0.00018518978322390467,0.00032851798459887505,0.00011654823902063072,7.99380723037757e-05,0.000232980222790502,0.00010311826190445572
6,6,hawk-dove,0.3,3,2.344163179397583,2.264549732208252,4.608712911605835,2.7209789752960205,2.7442328929901123,2.7083001136779785,2.8433921337127686,11.01690411567688,0.7050540209990487,0.12098539620637894,0.016531100496649742,0.43643996119499207,0.36475813388824463,0.07529772818088531,0.29865482449531555,0.13751649670302868,1.1751506477594376,0.8952388674591674,0.0005331715219654143,0.0002268364914925769,0.0003654842439573258,0.00028824436594732106,0.0010286878095939755,0.0010163787519559264
6,6,hawk-dove,0.3,4,2.7990612983703613,2.6944007873535156,5.493462085723877,2.753450870513916,2.093078136444092,2.5288288593292236,2.5725739002227783,9.94793176651001,0.6442379400270821,0.17061074078083038,0.0648944079875946,0.45845386385917664,0.25633206963539124,0.09332078695297241,0.3418777883052826,0.235505148768425,1.1499845087528229,0.8300202765932135,0.0002743470249697566,0.00417788652703166,0.0010424248175695539,0.00042597943684086204,0.009238965809345245,0.004227223806083202
7,7,hawk-dove,0.5,0,2.681809663772583,2.944507122039795,5.626316785812378,2.9785923957824707,2.1811869144439697,2.373795986175537,3.159121513366699,10.692696809768677,0.6552293585112338,0.11460594087839127,0.006027779541909695,0.35165050625801086,0.442985475063324,0.24185197055339813,0.2691692113876343,0.12063372042030096,1.3056571632623672,0.9154213759616651,0.0003337212256155908,0.001435540965758264,7.626812293892726e-05,7.310530781978741e-05,0.0007349308580160141,0.0008879632223397493
7,7,hawk-dove,0.5,1,2.7006969451904297,2.7751083374023438,5.475805282592773,2.5915520191192627,2.48227858543396,2.895331859588623,2.6629981994628906,10.632160663604736,0.6600560678559538,0.041393887251615524,0.010986775159835815,0.3913000524044037,0.1546759307384491,0.5213087201118469,0.2832247316837311,0.05238066241145134,1.3505094349384308,0.9626623193717023,0.0002210037928307429,0.0004941130173392594,0.00017203023890033364,0.0001056428300216794,0.00012152119597885758,0.0002611514937598258
7,7,hawk-dove,0.5,2,2.620980739593506,2.4419727325439453,5.062953472137451,2.975747585296631,2.649442672729492,2.45693302154541,2.580545425415039,10.662668704986572,0.6780443142337158,0.14483673870563507,0.04681653529405594,0.5737444758415222,0.2642141580581665,0.406131386756897,0.14625756442546844,0.191653273999691,1.3903475850820541,0.8788538748892121,0.0007233704091049731,0.0006876808474771678,0.0002746269747149199,0.00021722522797062993,0.000754348118789494,0.0006124257924966514
7,7,hawk-dove,0.5,3,2.3376598358154297,2.2534477710723877,4.591107606887817,2.7091054916381836,2.722060441970825,2.7075138092041016,2.8579463958740234,10.996626138687134,0.7054666392289937,0.14309975504875183,0.03160181641578674,0.2485249787569046,0.1366148740053177,0.18112044036388397,0.29762738943099976,0.17470157146453857,0.863887682557106,0.8317895445306641,7.121024827938527e-05,7.975210610311478e-05,6.583031790796667e-05,7.706823816988617e-05,0.00022058948525227606,0.00016348138160537928
7,7,hawk-dove,0.5,4,2.8011529445648193,2.6901261806488037,5.491279125213623,2.7876827716827393,2.0775885581970215,2.513925313949585,2.571197271347046,9.950393915176392,0.6443857404019397,0.16240860521793365,0.047403451055288315,0.4059754014015198,0.22983939945697784,0.46027737855911255,0.23951652646064758,0.20981205627322197,1.3356087058782578,0.8642362899401396,0.0005278978496789932,0.0025518126785755157,0.0008824907126836479,0.0002671227266546339,0.0016529182903468609,0.0018540241289883852
8,8,hawk-dove,0.7,0,2.682708263397217,2.9504449367523193,5.633153200149536,2.9849960803985596,2.2032413482666016,2.3583390712738037,3.167184829711914,10.713761329650879,0.6553996052355751,0.11453606188297272,0.021533198654651642,0.6327751278877258,0.3156884014606476,0.5015836358070374,0.26753121614456177,0.13606926053762436,1.7175783812999725,0.9265937832700861,0.0021325224079191685,0.0069395569153130054,0.001979145919904113,0.00029028489370830357,0.0031249027233570814,0.0024543567560613155
8,8,hawk-dove,0.7,1,2.6953372955322266,2.7795796394348145,5.474916934967041,2.6089425086975098,2.502032518386841,2.9266490936279297,2.6710457801818848,10.708669900894165,0.6616994124667608,0.03937835618853569,0.007345623802393675,0.6772316694259644,0.17228548228740692,0.49523603916168213,0.2383689433336258,0.046723979990929365,1.5831221342086792,0.9713322751247134,0.0023681779857724905,0.0043072872795164585,0.003484769258648157,0.0005397555069066584,0.000775964348576963,0.0015232560690492392
8,8,hawk-dove,0.7,2,2.6107230186462402,2.4382691383361816,5.048992156982422,2.983367681503296,2.6333024501800537,2.440768003463745,2.557558536529541,10.614996671676636,0.677668810147214,0.1298551708459854,0.023628445342183113,0.6452420353889465,0.5123320817947388,0.3621484339237213,0.2989530861377716,0.15348361618816853,1.8186756372451782,0.9221748365802773,0.0007862260099500418,0.0016549265710636973,0.0007047554245218635,6.662627856712788e-05,0.00046367771574296057,0.00022126361727714539
8,8,hawk-dove,0.7,3,2.352962017059326,2.2626473903656006,4.615609407424927,2.7178587913513184,2.7429282665252686,2.715437650680542,2.843400239944458,11.019624948501587,0.7047943572604406,0.1248013973236084,0.018387995660305023,0.6677544116973877,0.3233419954776764,0.464325487613678,0.43390336632728577,0.14318939298391342,1.8893252611160278,0.9295506220852701,0.004889160860329866,0.005961472634226084,0.0026531009934842587,6.724827835569158e-05,0.0009628036641515791,0.0008779260097071528
8,8,hawk-dove,0.7,4,2.802830696105957,2.7082228660583496,5.511053562164307,2.7913146018981934,2.12888503074646,2.5380489826202393,2.5700769424438477,10.02832555770874,0.6453491790340379,0.15722110867500305,0.00600195350125432,0.595452070236206,0.47079795598983765,0.4803251028060913,0.221937358379364,0.16322306217625737,1.768512487411499,0.9155044476915641,0.0005024366546422243,0.0064390478655695915,0.0007929778075776994,6.475164263974875e-05,0.0011737463064491749,0.0009212381555698812
9,9,hawk-dove,0.9,0,2.6812307834625244,2.9448187351226807,5.626049518585205,2.993772029876709,2.1771066188812256,2.4731059074401855,3.1638872623443604,10.80787181854248,0.6576562949784374,0.11572033911943436,0.01183410920202732,0.8059541583061218,0.2246933877468109,0.485363632440567,0.2344578504562378,0.12755444832146168,1.7504690289497375,0.9320804825577578,0.0012696871999651194,0.0030230956617742777,7.270843343576416e-05,3.563288555596955e-05,1.205023545480799e-05,0.0007790278759784997
9,9,hawk-dove,0.9,1,2.6983962059020996,2.7730655670166016,5.471461772918701,2.608997344970703,2.494507074356079,2.953468084335327,2.6734049320220947,10.730377435684204,0.6622937863737441,0.04178733378648758,0.007453311700373888,0.7331461310386658,0.36456188559532166,0.5446578860282898,0.213243305683136,0.04924064548686147,1.8556092083454132,0.9741498547049278,0.004576569888740778,0.0055921003222465515,0.00027042345027439296,5.0161906983703375e-05,0.00018064791220240295,0.0015561871696263552
9,9,hawk-dove,0.9,2,2.6177797317504883,2.4359793663024902,5.0537590980529785,3.0054309368133545,2.6507883071899414,2.4704296588897705,2.558605432510376,10.685254335403442,0.678902421716586,0.14456528425216675,0.02689972147345543,0.6265243887901306,0.27168136835098267,0.6046022176742554,0.2932972013950348,0.17146500572562218,1.7961051762104034,0.9128544398061033,0.0018572511617094278,0.004322050604969263,1.9166647689417005e-05,2.6727915610536e-05,3.590862252167426e-05,0.001693102065473795
9,9,hawk-dove,0.9,3,2.339566469192505,2.2494966983795166,4.5890631675720215,2.7199742794036865,2.736527919769287,2.685152053833008,2.8436107635498047,10.985265016555786,0.7053443902479947,0.13664427399635315,0.01942528784275055,0.7920944690704346,0.3372073471546173,0.6107011437416077,0.278086394071579,0.1560695618391037,2.0180893540382385,0.9282161204043704,0.023699920624494553,0.04059908911585808,0.0008344461675733328,0.0004643903230316937,0.00198312196880579,0.009840374812483788
9,9,hawk-dove,0.9,4,2.7962560653686523,2.7000651359558105,5.496321201324463,2.809847593307495,2.124511480331421,2.50834584236145,2.56817626953125,10.010881185531616,0.6455633283032953,0.1719861477613449,0.025243055075407028,0.7230758666992188,0.06813593953847885,0.6336320042610168,0.2123296558856964,0.19722920283675194,1.6371734663844109,0.892483146614429,0.013104311190545559,0.1222054734826088,0.03186524286866188,0.003992945421487093,0.04332975670695305,0.049001071602106094
